smiles,cal_solv_free
CCc1cc(C)oc(=O)c1,-9.216992382
O=C1CCc2ccccc2C1,-7.621956089
Cc1nsnc1/C=N\O,-8.230471361
Cc1c(N)nc(O)nc1O,-17.31208474
Nc1nncc(O)n1,-12.32952983
O=C1Cc2ccccc2O1,-7.797514561
CC(=O)Nc1cccnc1,-12.19125173
C#CCNC(=O)c1ccc[nH]1,-12.43716035
CCn1ncc(N=O)c1N,-13.4458764
NCCc1cccnc1,-8.788083022
Oc1ccc2c(c1)CCO2,-8.31796508
Cc1ccc(N)cc1C,-6.720556799
Cc1ccccc1CCN,-6.865875565
O=CNc1ncn[nH]1,-12.67737118
N[C@@H]1C[C@@H]1c1ccccc1,-6.566515644
NNC(=O)c1c[nH]cn1,-24.90648058
C1=Cc2ccccc2C1,-3.760780382
C[C@@H](N)Cc1ccccc1,-6.890386105
CN(C)c1ccc(N)cc1,-8.101969863
Cc1cc(Cl)ccc1O,-6.678406952
COc1cnccn1,-5.333031787
Cn1c(N)cc(=O)nc1N,-26.08264768
NCCc1ccc(O)cc1,-10.52464792
CC(C)c1cccc(O)c1,-6.9763236
CCc1cccc(O)c1,-6.759462419
[N-]=[N+]=Nc1ccc(F)cc1,-4.709481375
O=C(O)c1cccc(O)c1,-11.25222067
NC(=O)c1ccc(N)nc1,-16.01210364
c1ccc2c(c1)OCCO2,-5.707931362
NCc1ccccc1Cl,-7.049692069
Cc1cc(C)c(O)c(C)c1,-6.129247851
Cn1cc(F)ccc1=N,-8.651310942
COc1[nH]ncc1C(=O)O,-15.62220031
c1ccc2c(c1)CCCN2,-5.46531717
O=C(O)/C=C/c1ccncc1,-10.71150157
O=C(O)Cc1c[nH]cn1,-15.64353565
Cc1cnc(C)c(C)n1,-5.669785029
NCCc1ccccn1,-8.236150326
O=C(O)c1cc[nH]n1,-13.19081868
CN[C@@H](C)Cc1ccccc1,-6.211282233
NC(=O)c1cccc(N)c1,-14.01612611
Nc1cc(O)nc(S)n1,-11.6780615
C[C@H](N)Cc1ccccc1,-6.86593204
Cc1nccnc1C,-5.610315906
CC(=O)n1ccnc1,-9.528488346
N[C@@H]1C[C@H]1c1c[nH]cn1,-12.81184029
CCc1nnc(S)[nH]1,-14.46256183
Oc1ncccn1,-8.427189471
CCCn1ccnc1,-8.598286347
OCCc1ccc(O)cc1,-10.00695217
Oc1cccc2c1CCNC2,-8.793008975
Cc1ccccc1C=O,-6.299623091
CCc1cnc(N)cc1C,-8.430013266
O=C(O)c1nn[nH]c1Cl,-14.33660802
Nc1ccc(N)cc1,-9.976932092
Nc1ccccc1N,-8.831180409
Nc1c(O)cccc1O,-11.14935923
C1CCc2nnnn2CC1,-11.88003815
Oc1cc(O)c(F)cc1F,-12.30152406
COc1ccc(OC)cc1,-6.140041023
N=C(N)NCc1ccccc1,-14.20816927
NC/C=C/c1c[nH]cn1,-13.68528401
C=C(CN)c1ccsc1,-6.617632609
O=C1CCc2ccccc2N1,-9.682291047
c1ccccc1,-2.829712419
Nc1ccccn1,-7.637210857
NNC(=O)c1ccncc1,-16.56906269
Cc1cccc(F)c1,-3.57866443
CC(C)Nc1ccccc1,-5.757674079
O=C(O)c1ccc(F)cc1,-7.696993734
O=C(O)c1ccc(O)cc1,-11.26435043
C1=CNC(c2ccncc2)N1,-10.48539717
C[S+]([O-])c1ccccc1,-9.217004932
C[C@@H](N)Cc1c[nH]cn1,-12.6022394
CCn1oc(C)cc1=O,-9.184424613
O=C(O)c1ccccc1,-7.520952079
CC(=O)c1ccccc1,-6.538553798
C=C(CN)c1ccoc1,-7.997326295
Cn1ccccc1=O,-9.123625169
Cc1cssc1=S,-6.284437349
NCc1cccc(F)c1,-6.5276665
NCCc1cnc(N)s1,-11.89815436
C1=C(c2cccnc2)CNC1,-8.264689481
C1=C(c2ccncc2)CNC1,-8.493774557
N[11C](=O)c1cnccn1,-10.24949106
CNC(C)Cc1ccccc1,-5.723073178
Cc1cocc1CCCO,-8.044132266
CCc1nccnc1CC,-5.592632674
COc1cccc(C=O)c1,-7.549773613
O=[N+]([O-])c1ncc[nH]1,-11.61440061
CC(=O)Nc1ccc(C)cc1,-9.775219003
CCn1ccnc1/C=N/O,-13.96231085
CC(=O)Nc1ccccc1C,-8.761551899
CNCCCc1ccccc1,-6.16086808
C#CCN(C)Cc1ccc[nH]1,-8.155396064
C1=C(c2cccnc2)NCC1,-7.333671719
NCCc1ccccc1F,-7.057171988
Cc1ccc2c(c1)CNCC2,-5.664281766
Nc1cc(O)ncc1F,-13.5214286
c1ccc(C2CCCN2)cc1,-5.549648239
O=C1NCCc2ccncc21,-12.14627181
CCc1ccc(C#N)cc1,-7.28101108
Cc1cccn(O)c1=S,-8.017538393
CCc1ccccc1O,-6.121836958
Cn1cncc1CCN,-10.61617025
OC1Cc2ccccc2N1,-9.258621395
Oc1nc(O)nc(O)n1,-14.51082989
O=Cc1cocn1,-7.352001287
Cc1ccc2c(c1)NCCO2,-7.166465405
Cn1cnc(C#N)c1N,-16.86817161
Cc1cc(O)nc(NN)n1,-13.81932642
NCCCCc1ccccc1,-7.178613998
Cc1nc[nH]c1CCN,-12.82570199
Nc1nccn1CC(=O)O,-15.70898494
Cc1ccc(C)c(C)c1,-3.837738208
N=C(N)c1ccc(O)cc1,-14.57019234
Nc1n[nH]c(N)n1,-16.6476395
Cn1cccc(C#N)c1=N,-16.18424846
C=C(CN)c1c[nH]cn1,-13.03882949
Cc1cccc(C)c1N,-6.444891656
Cc1cccc(C#N)c1,-6.824805035
Cc1cccnc1N=O,-7.856180471
C/N=c1\cccc(F)n1C,-5.338936656
CC(C)c1ccc(O)cc1,-6.786150419
O=C(O)c1ccncc1,-8.782774287
Cc1ccc(N)nc1C,-7.62329896
Cc1ccc(O)cc1,-6.510629603
O=Cc1ccoc1,-6.442243564
c1ccc2c(c1)CCN2,-5.511457981
CCCc1ccc(O)cc1,-6.859249059
CC(=O)/C=C/c1ccco1,-7.728475911
O=c1[nH]cncc1F,-12.06758206
C[C@@H](O)c1ccccc1,-6.972734242
Cc1cnc[nH]c1=O,-11.27014235
Cc1ccc2c(c1)[C@H](O)CC2,-7.373455853
Nc1ccccc1O,-7.898474645
O=C(O)c1conc1O,-12.35282928
Cl.NCc1nnn[nH]1,-8.872539593
NCCc1ccc(F)cc1,-7.378155903
N[C@@H](CO)c1ccccc1,-10.52755957
CC(C)NCc1ccccc1,-5.509556625
CCc1cnccn1,-5.410924603
C1=CC2NC1c1ccncc12,-8.961646013
NC1=NCCc2ccccc21,-8.704994423
Nc1ccc(Cl)cc1,-7.100256825
Cc1noc(/C=N/O)n1,-10.08991527
CSc1nncc(O)n1,-10.53855982
CC(C)c1ccccc1,-3.321492006
NNC(=O)c1cccnc1,-12.25583506
NNc1nnc(S)n1N,-18.0642998
Nc1ccc(Cl)c(N)c1,-9.835183859
N[C@@H]1C[C@H]1c1ccsc1,-6.780396152
CCc1cnc(C)cn1,-5.532297588
Oc1cccc(F)c1,-6.72347472
CSc1nc(C=O)co1,-8.23165108
O=[PH](O)c1cccs1,-11.8033376
O=C(O)CCc1c[nH]cn1,-15.02953594
CC(N)Cc1ccccc1,-6.859161208
Cc1sc(NN)nc1O,-16.70390832
Cc1cc(C(=O)O)on1,-9.990938116
NCc1cnn(O)c1Cl,-10.57120289
Cc1ccccc1C(N)=O,-10.51330882
CC(N)Cc1cc[nH]c1,-9.627540799
Cc1nccc(O)c1O,-9.648894965
Nc1cc(Cl)ccc1O,-8.577572242
CNCCc1ccccc1,-6.239206428
OCc1ccnc(Cl)c1,-8.919251437
CC(=O)/C=C/c1ccccc1,-7.798807232
N#C/C(N)=N/c1ccccc1,-11.51439434
OCc1c[nH]cn1,-13.72564546
[O-][n+]1ccc(C2CC2)cc1,-11.51020258
Nc1ccc2c(c1)NCCN2,-11.3063936
COC(=O)c1cnccn1,-9.572282269
Oc1cc(Cl)ncn1,-10.41478347
NCc1cccnc1,-8.411093839
N=C(N)Nc1ncccn1,-16.7783059
C[C@H](N)[C@@H](C)c1c[nH]cn1,-12.27297236
Cc1nssc1=S,-4.264332056
Nc1nccc(O)n1,-9.691603295
COc1nc(C)cnc1C,-5.491584739
C[C@@H]1[C@H](N)[C@H]1c1ccccc1,-6.447966455
Cc1cccc(C)c1CO,-7.286733971
NNC(=O)c1cncs1,-16.54982324
O=c1ccs[nH]1,-10.32669362
CCc1nn(O)cc1CN,-10.96391747
Cn1c(F)cccc1=N,-6.989149904
CNc1nc(N)nc(N)n1,-13.79064922
NNC(=O)Cc1nnn[nH]1,-22.1620907
C[C@H](N)c1cc(O)no1,-10.88403545
O=Cc1ccccc1C=O,-10.0164464
COC(=O)c1cccnc1,-7.67693224
COc1ccc(N)cc1C#N,-12.7226272
NCc1ccccn1,-8.541415116
O=Cc1cccc(O)c1O,-12.86386715
OC(=S)c1ccccc1,-6.313145931
N#CCc1nc(C#N)c(N)o1,-17.7413204
N#Cc1ccccc1C#N,-10.80045739
CCc1nnc(S)s1,-8.932052641
Oc1cccc(Cl)c1,-6.731412722
Cc1n[nH]c(CC#N)n1,-12.49913951
NCc1ccccc1,-6.105728776
Cc1cccc(N)c1.Cl,-11.89841164
C=C(CN)c1ccc(O)cc1,-10.46042855
ClCc1ccccn1,-5.581914803
O=c1[nH][nH]c(=O)[nH]1,-15.35319304
NC1CCc2cccc(O)c21,-10.70554023
C1NCC1Oc1nnn[nH]1,-14.65877793
NC1CCc2n[nH]cc2C1,-10.73751814
CNCCc1n[nH]c(N)n1,-16.9460707
[O-][n+]1ccc(Cl)cc1,-9.50486887
CCCC[n+]1cc([NH-])on1,-14.55680128
C/C=N\n1c(C)n[nH]c1=O,-11.88989005
O=C(O)c1cn[nH]c1,-12.47053761
O=C(O)c1cscn1,-10.15845819
CCc1ccc(CC)cc1,-3.374478951
CC(=O)C=Cc1ccccc1,-8.406218087
Nc1ccccc1[N+](=O)[O-],-8.720387243
Cc1ccccc1S,-4.307912626
Cc1ccc(C(=O)O)o1,-9.121635962
CC(C=O)=Cc1ccccc1,-7.387763081
Cn1cccc1,-4.852070473
Cc1nc(C)c(N)c(O)n1,-11.92720807
CC(=O)CCc1ccccc1,-8.104762282
Cc1cc(C)c(N)cc1C,-6.516565848
Cc1cccc[n+]1[O-],-9.224528777
O=S(=O)(O)n1ccnc1,-12.72835009
O=C(O)c1ccc(CO)o1,-12.93684029
CNCC(=O)c1ccccc1,-8.184845109
NOCc1cccc(F)c1,-7.767205828
CC(=N)Nc1ccccc1,-9.61405561
C=C(CN)c1ccco1,-6.760378583
C=C(CN)c1cccc(O)c1,-10.46967804
Cc1cnc(CO)c(C)c1,-7.214538946
N=C(N)Nc1ccsc1,-14.27717027
O/N=N/c1cnccn1,-9.802189383
CN(C)c1ccccc1,-4.617105628
O=C1Nc2ccccc2C1=O,-12.23729214
Cc1cc(C)c(O)c(N)c1,-7.141264603
Nc1cccc(O)c1,-9.943730538
ClCc1ccncc1,-6.659167496
Cc1ncccc1CO,-8.666170379
COc1nc(C)nc(N)n1,-10.6224328
Cc1cccnc1C,-5.011690191
SCCc1cnccn1,-7.79336672
C/N=C(\NC)c1ccccc1,-8.236997465
CNCc1cccc(F)c1,-5.455352311
COc1cc(C)ccc1O,-6.593655452
NC(CO)Cc1c[nH]cn1,-15.39442045
CC(=O)c1c[nH]cc1CO,-13.68557894
O=C1Cc2ccccc2C1=O,-10.09345442
Oc1cccnc1,-8.092632514
C[C@@H]1[C@@H](N)[C@H]1c1ccccc1,-6.963277667
N[C@H]1[C@H]2Cc3ccccc3[C@@H]12,-6.516427796
Nc1ccc(N)c(Cl)c1,-9.611639696
Nc1ccc(Cl)cc1N,-9.418172088
CN(C)c1ccc(O)cc1,-8.089589091
O=C(O)c1ccccn1,-9.891804086
c1ccc2c(c1)CNCCN2,-8.756393767
CCc1cccnc1,-5.234242888
Oc1ccc(O)cc1,-10.03843435
Fc1ccccc1,-3.258866508
O=C(O)c1ccc[n+]([O-])c1,-13.54128929
O=[N+]([O-])c1ccccc1O,-11.51943325
CC(=O)Nc1cccc(C)c1,-10.37456008
Oc1ccc2c(c1)CCNC2,-9.169012967
Nc1ccc(F)cc1F,-6.617174526
Cc1c[nH]cc(O)c1=O,-13.54678001
N#Cc1ccc(C#N)cc1,-10.37860124
NC(=O)c1ccsc1N,-12.0748298
CCc1ccc(C)cc1,-3.322508573
NNC(=O)c1cc(=O)[nH][nH]1,-20.81360309
c1ccsc1,-3.02426562
Cc1c(CO)no[n+]1[O-],-11.59575729
Cc1ccc(Cl)cc1,-3.286332621
c1ccnnc1,-8.094615446
O=C1NC(=O)c2ccccc21,-9.996635906
Cc1c(C=O)no[n+]1[O-],-8.037380259
OCCn1ccnc1,-12.20434159
Cc1ccncc1,-5.085234363
CCCc1nccnc1C,-5.529091012
Clc1cccc(Cl)n1,-5.041352589
CN(C)c1cccc(O)c1,-8.331393794
Nc1cccnc1,-8.730452503
Nc1n[nH]c(CCCO)n1,-14.32174231
Oc1ccc2c(c1)CNCC2,-9.170004433
CCc1ccnc(N)c1,-8.117268557
Cc1nc(O)nc(O)c1C,-13.33690929
Cn1cccc(O)c1=O,-8.922156809
NN[14C](=O)c1ccncc1,-12.37971808
Cc1ccnc(C)c1O,-8.084192505
CC(=O)Nc1nncs1,-12.93936915
COc1cc(CN)ccn1,-7.838691767
O=CNCc1ccccc1,-9.550771226
CCc1ncc(C)nc1C,-5.469879168
NNC(=O)c1ccncn1,-14.33430506
Nc1ccncc1Cl,-8.344119697
Nc1nc(=O)[nH]s1,-17.7681339
NCCc1csc(N)n1,-11.67712651
Cn1c(N)cc(=O)[nH]c1=O,-18.40043808
Cc1ccccc1CCO,-6.946234495
NCC1CC1c1ccccc1,-7.007592423
CNC1Cc2ccccc2C1,-5.729982063
NCc1cccc(Cl)c1,-6.194264162
CNc1ccc(O)cc1,-8.933138234
Cc1ccc(NC=O)c(C)c1,-8.985121162
Cc1c(O)noc1CN,-11.22004195
O=c1ccocc1O,-13.60203226
CCCc1cccc(O)c1,-6.892136858
O=C(O)c1cnccn1,-11.00499428
Cc1ccc(C(C)C)c(N)c1,-6.891892129
Cc1cc(C)c(=O)[nH]n1,-9.76376067
Cc1cc(C)c(C=O)c(C)c1,-6.432812088
NC1C=Cc2ccccc2C1,-7.295732465
C=Cc1ccccc1Cl,-3.603720904
c1coc([C@H]2CCCN2)c1,-5.187493393
CC(=O)c1ccc(C)o1,-6.974472445
CCc1n[nH]c(=O)n1O,-12.83480089
Cc1cc(O)cc(=O)o1,-12.33717291
Nc1ncnc2c1CCC2,-10.1075734
CC(N)C(C)c1ccccc1,-6.517124332
Cc1ccc(C=O)cc1,-5.022552389
C[C@H](CN)c1c[nH]cn1,-12.1091295
NC1=Nc2ccccc2CN1,-13.26531667
Cc1ccccc1CCl,-4.858232621
C1=Cc2ccccc2NN=C1,-7.76169629
CC(=O)Oc1ccccc1,-7.553306494
C#Cc1ccccc1,-4.453162366
NOC1Cc2ccccc2C1,-9.344194934
NOCc1ccccc1O,-10.45987634
O=C(O)c1ccc(=O)oc1,-11.47562678
NCc1c(O)cccc1O,-12.09416966
NCc1cocc1C(=O)O,-10.46705505
N=C(N)c1cccc(N)c1,-13.74299611
OCc1ccco1,-7.184920474
NOCc1ccc(F)cc1,-7.747602416
c1cnoc1,-5.69713819
NC/C=C\c1c[nH]cn1,-12.21515986
Clc1ccnc(Cl)n1,-5.651505662
Cc1c(O)c(=O)ccn1C,-19.77780998
CCc1ccccc1N(C)C,-3.973179967
N[C@@H]1[C@H]2Cc3ccccc3[C@@H]12,-7.080151404
Oc1ccc(Cl)nc1,-8.580245435
O=C1Cc2ccccc2C1,-7.086319828
O=c1cc[nH]c(=O)[nH]1,-14.53850936
Cc1ccc(O)c(C)c1,-7.379944307
O=C(O)C(=O)c1ccco1,-10.68638862
NC1CNc2ccccc2C1,-8.355019546
Cc1noc(C(=O)O)n1,-10.64238135
Oc1ccc2c(c1)CCC2,-6.469057066
CC(N)c1nccc(N)n1,-12.07732729
[O-][n+]1ccccc1S,-8.333426927
NCc1ccccc1O,-9.308941422
C=C(C(C)=O)n1cncn1,-10.58017628
Cc1ccc(NC(=N)N)cc1,-13.82054379
C/N=c1\cnsn1C,-6.579994559
C1=C(c2c[nH]cn2)CCNC1,-12.27358104
CCOc1nccnc1C,-5.47189975
Cc1cc(=O)[nH]c(=S)[nH]1,-14.79134569
O=Cc1ccco1,-7.492368998
C=C(C)C(=O)c1ccco1,-7.818592622
Cc1ccc(N)c(N)c1,-8.899491147
CNCc1cnc(C)cn1,-8.697821984
C#Cc1cncs1,-5.616810634
NC1=Nc2ccccc2CC1,-10.76462657
Cc1cnc(N)c(C)c1,-7.706607188
NC(=S)c1ccsc1,-10.96512857
Cc1cc(=O)c(O)cn1C,-19.96611946
Cc1[nH]cc(C)c(=O)c1O,-14.44002794
Cc1n[nH]c(C)c1C,-7.64620935
COc1ccc(N=[N+]=[N-])cc1,-5.827716746
Cc1ccc(N=[N+]=[N-])cc1C,-4.566609898
CN(C)c1ccncc1N,-8.871579502
Cn1cncc1C=O,-11.80871536
O=[N+]([O-])/C=C/c1ccccc1,-8.482899808
CCCn1oc(C)cc1=O,-9.35398409
NNc1nc(N)nc(N)n1,-15.71352811
Cn1ccnc1N,-11.17865139
Nc1cc(O)nc(O)n1,-13.74243762
O=[N+]([O-])c1cncs1,-7.459179994
C#CCNCc1ccc[nH]1,-9.39979232
O[C@H]1CCc2ccccc21,-6.412066608
C=Cc1cnc(O)nc1O,-10.90670111
CNc1nccnc1C,-7.725639566
N#Cc1nc(C2CC2)oc1N,-13.04654158
CC(N)c1ccccc1,-6.3645139
O/N=C/c1ccco1,-7.062907429
Cc1c(CN)cnn1O,-11.38830248
O=C(O)c1cccc(F)c1,-7.679461105
CC(C)c1ccc(CN)cc1,-6.537857262
Cc1nnc(C)n1N,-15.90014958
NOCc1ccc(O)cc1,-13.27792962
CN(C)C(=N)c1ccccc1,-9.235365875
C=Cc1cncs1,-5.403243881
CCn1cccc(N)c1=O,-10.01216678
C#Cc1c(C)noc1C,-6.790574365
COc1ccccc1N,-7.222401646
NCCc1nnc(N)o1,-15.27491117
Oc1ccccc1O,-8.276185464
OCc1cc(C(F)F)n[nH]1,-11.62056276
Nc1ccc([N+](=O)[O-])cc1,-11.34873798
NCc1nnc(O)o1,-15.43312527
NC(=S)c1nccs1,-9.081086266
NC1CCc2c(O)cccc21,-9.597878402
Cn1c(=O)ssc1=O,-6.654310568
CC(=O)c1ccc(N)nc1,-11.49872542
Cc1[nH][nH]c(=O)c1CCO,-17.93821421
Cc1conc1CO,-8.672351353
NC[C@H]1C[C@@H]1c1c[nH]cn1,-13.68994014
Cc1nccc(C(C)N)n1,-8.437838315
CNCc1cccc(O)c1,-8.36975348
COC(=O)c1ccccc1,-6.080873105
COc1c[nH]cc(C)c1=O,-16.96871126
CCc1c[nH]c(C=O)c1,-10.0825483
N[C@H]1C[C@@H]1c1c[nH]cn1,-13.39220547
CSc1nccnc1C,-5.267042836
Cc1c[nH]c(=O)c(O)c1,-15.59736973
NNC(=O)Cn1ccnn1,-15.72579593
CC(C)c1n[nH]c(N)n1,-13.54142735
CCOc1ccccc1N,-7.349547722
NNC(=O)c1ccccc1,-10.8370224
Oc1cccc2c1CCN2,-9.222037562
C=CC(CN)c1ccccc1,-7.357171969
Cc1nc(O)c(C)s1,-6.325564354
Cc1cc(C#N)cc(C)c1O,-10.48066574
O=C(O)c1cc(CO)n[nH]1,-14.4374175
Cc1cccc(C/C=N/N)c1,-9.281142729
Oc1ncc(O)c(O)n1,-12.87468542
NC(=O)c1cccnc1,-11.85092168
O=[N+]([O-])c1ccccc1F,-7.206990001
Cc1cccc(C(N)=O)c1,-10.88196467
C[C@@H]1Cc2ccccc2CN1,-5.705954705
NC[C@@H]1C[C@H]1c1c[nH]cn1,-13.35356968
Nc1cccc2c1CNC2=O,-14.1782998
Cc1c[nH]c(=O)c[n+]1[O-],-14.65705855
C#CCn1ccnc1/C=N/O,-15.36021488
O=CCCc1ccccc1,-7.545098664
CSc1cnc(C)cn1,-5.62502474
N=C(N)Nc1cccnc1,-14.97327339
O=C(O)c1cccnc1,-8.875281811
Cc1cc(C)nc(O)n1,-10.37675636
Fc1ccccn1,-5.255270748
CNCc1cccc(C#N)c1,-8.726812946
Cn1ccccc1=N,-10.16350337
C=CC(=O)Nc1ccccc1,-9.861363576
NCc1ccc(CN)cc1,-9.642801843
Cn1sc(Cl)cc1=O,-7.237154406
O=C(O)c1nn[nH]c1S,-14.19167831
CC1CCc2nccnc21,-5.755320917
Cc1ccc(N)cc1.Cl,-7.394333111
CNc1nc(N)cc(O)n1,-12.2036576
OCCCc1c[nH]cn1,-13.11320825
Oc1noc2c1NCCC2,-13.49061786
Cc1n[nH]c(N)c1C(N)=O,-16.43237219
Cc1cc(O)c(C)c(=O)o1,-11.18089788
COc1ccc(NN)cc1,-9.857240835
Oc1ccncc1,-8.710045878
COc1cc(N)ccc1C,-8.122865946
c1cnc2c(n1)CCCC2,-5.619941909
NC1C(=O)Cc2ccccc21,-9.123054135
c1ccc2c(c1)CCNCC2,-5.753143457
COc1ccc(N)cc1N,-10.82772898
CCCc1ccc(N)cc1,-6.766252077
FC(F)(F)c1ccccc1,-3.842155879
NC1CCCc2ncccc21,-8.355929435
CC(CC=O)c1ccccc1,-7.158828608
CCNc1cccc(C)c1,-5.815850531
N#Cc1c(F)cccc1F,-7.074459889
NCc1ccncc1N,-11.93713528
O=c1cccn[nH]1,-9.838233557
Cc1nonc1CN(C)C,-8.583552412
CNc1cc(O)nc(N)n1,-12.03339531
NOC/C=C/c1ccccc1,-8.6392753
ONc1ccccc1,-7.769747244
NCc1cc(=O)c(O)co1,-11.57512476
c1cnc(NC2CC2)nc1,-7.481964883
CC(=O)OCc1ccco1,-7.978093114
[N-]=[N+]=N/C=C/c1ccccc1,-5.398048098
O=C(O)/C=C\c1ncc[nH]1,-12.49622786
Cc1ncsc1C(=O)O,-8.567161851
N[C@H](C(=O)O)c1nnn[nH]1,-18.97483563
N#Cc1ccccn1,-8.406845597
Cc1c[nH]c(=O)oc1=O,-14.31350938
O=c1cc[nH]c(=O)o1,-14.74557511
Cc1cn(C)cc(O)c1=O,-18.73846517
O=C(O)Cc1cccnc1,-10.05907943
CNCC#Cc1cccnc1,-8.762097833
Nc1ccc(C(=O)O)cn1,-12.57223815
COC(=O)c1csnn1,-10.10037586
Cc1cc(O)ccc1Cl,-6.860315826
Nc1ccc(O)c(Cl)c1,-8.609638003
NCc1ccc(Cl)cc1,-6.837800767
NC(=O)c1nonc1CO,-13.3517248
Nc1cccc(C(=O)O)c1,-11.14344181
O=C1NCc2ccccc21,-10.24327871
CCc1ccccc1N,-6.622596213
C=Cc1ccc(C)cc1,-3.838704574
Cc1cccc(N)c1,-6.640461422
CCCCCc1ccco1,-3.750871999
C=CCn1ccccc1=N,-10.72348074
Cc1c[nH]c(=S)[nH]c1=O,-14.26390471
Cc1nnc(N)n(N)c1=O,-15.53982707
CSc1ccccc1O,-5.683684375
Cn1[nH]nnc1=S,-20.31038399
CC#Cc1ccccc1,-4.468536361
CC(=O)c1ccc(C#N)cc1,-10.02961783
COc1ccc(C#N)cc1,-8.753281317
CNC(=O)c1nn[nH]c1O,-20.66167036
CC(C)(CN)c1cnc[nH]1,-12.62367515
COc1ccc(O)c(N)c1,-10.28142504
OCc1ccc(O)cc1,-10.07420242
CC(=N)Nc1ccc(N)cc1,-13.85573456
Nc1cc(F)ccc1O,-9.566408775
OCCCc1ccncc1,-9.703155754
CCCc1ccnc(N)c1,-8.306870703
CN(C)C(=O)c1ccccc1,-8.900834019
Cc1cccc(O)c(=O)c1,-7.619427223
Cc1cccnc1N,-7.559857699
CC(N)/C=C\c1ccccc1,-7.101681272
CN1CCc2ncncc2C1,-7.696334849
O=C1NCc2ccncc21,-12.16664706
NC(=O)c1ccon1,-15.06696691
N[C@@H]1c2ccccc2C[C@@H]1O,-9.453777005
Cc1cccc(C)c1NO,-10.65941197
NC1CCc2nccn2C1,-11.98763101
Cc1ccc(C)[nH]1,-5.869370859
ONCCc1ccccc1,-8.451059951
c1cncc(C2=NCCN2)c1,-9.701361076
Cc1cc(O)cnc1Cl,-9.11239274
O=Nc1ccccn1,-6.851405184
O=C/C=C/c1ccco1,-7.127848439
Cc1cc(C)cc(O)c1,-6.576693856
O=c1[nH]cc(Cl)cc1O,-10.29027921
NNCc1cccc(O)c1,-11.99059286
N[C@H]1C[C@H]1c1ccccc1,-6.638930298
Sc1ccncc1,-6.427333926
Nc1cccc(C=O)c1,-9.430747388
O=C(O)Cc1ccncc1,-10.75762983
Nc1cc(N)cc(N)c1,-13.80324962
O/N=C/C=C/c1ccccc1,-8.521460298
O=C/C=C/c1cccnc1,-9.583847278
Cc1c[nH]c(=O)c(C#N)c1,-16.53871631
Cc1nccc(CN)n1,-8.612675152
CC(N)Cc1ccncc1,-9.203827222
Cc1c[nH]c(=O)c(CN)c1,-13.01017738
Cc1ncc(N)n1CCO,-14.51505931
OCc1scnc1Cl,-8.325997208
Nc1ccc2c(c1)CCC2=O,-11.61318324
O=C(O)c1cccs1,-7.761037405
O=C(O)c1cccc(O)n1,-14.91314538
NCCCc1nnn[nH]1,-17.30882796
NCC1COc2ccccc21,-7.732397849
CCCCn1ccnc1C,-8.845732366
O=C(O)c1ncccc1O,-9.760503893
Clc1ccccc1Cl,-3.258245273
Cc1cccc(C)c1O,-5.894709713
CCCCNc1ccon1,-9.020255447
N#Cc1ccc(C#N)s1,-9.15131091
Cn1cnnc1S,-12.61729337
O=CC=Cc1ccccc1,-7.255992256
O=C1CCN1c1ccccc1,-8.249842595
OCCc1cccc(O)c1,-10.73511477
Cc1cscn1,-4.754731121
NCC1CC1c1c[nH]cn1,-12.41837897
OCCCc1cnco1,-9.355283036
Nc1cccc([N+](=O)[O-])c1,-10.10996421
ONc1ccc(Cl)cc1,-8.165624477
CNc1nnc(S)s1,-11.61476457
N#Cc1ccccc1O,-11.32829998
NCc1cccs1,-6.358433328
NNc1ccc(Cl)nn1,-11.88756827
Cc1cc(C)c(O)cn1,-8.45002456
Cc1cccc(O)c1CO,-9.144640479
Nn1ccc(=O)[nH]c1=O,-13.78417331
NC1=NCc2ccccc21,-9.744816143
N#Cc1cnc(O)nc1O,-14.38189541
O=C1Cc2ccc(O)cc2N1,-13.00618014
Cc1cc(C)c(C)c(C)c1,-2.425702656
N[C@H]1[C@@H]2Cc3ccccc3[C@H]12,-6.332711693
Nc1nc(N)c(N)c(N)n1,-15.99334737
Cc1cccc(CN)c1C,-6.736953635
NCCNCc1nnn[nH]1,-17.81122501
Cc1cc(C(=O)O)cs1,-7.892469374
O=Cc1cscn1,-7.019038205
COc1ccc(O)c(C)c1,-7.957918667
N=C(N)c1ccccc1,-10.09769012
Cn1cnc(/C=C/C#N)c1,-13.81494641
Oc1ccc2c(c1)CCN2,-9.13217813
O/N=C/c1ccc(F)cc1,-7.422320057
SCc1cccs1,-5.393586502
C[C@H]1Cc2ccccc2CN1,-5.67804306
NCc1ccc(O)nc1,-9.937430338
CC(=N)Nc1cccc(N)c1,-13.59103829
O=C/C=C/c1ccccc1,-7.166321078
Cl.NCCc1c[nH]cn1,-12.12038703
O=[N+]([O-])Nc1ccccc1,-9.683000133
O=C1NCc2ncccc21,-10.96937053
O=C1NCCc2ncccc21,-10.75338159
C#Cc1cc(O)nc(O)n1,-14.56825333
CC(=O)c1cc(CO)on1,-11.04366144
NC(=O)c1cncc(N)n1,-14.43443055
Oc1ccccc1F,-5.29024188
O[C@@H]1CCc2ccccc21,-6.412738043
O/N=C1\COc2ccccc21,-7.716992478
Nc1cccc(Cl)c1,-6.946134094
Cc1cccc(C)c1C,-3.320883322
O=Cc1ccc(O)cc1O,-12.61873037
N#Cc1cccc([N+](=O)[O-])c1,-10.09083143
CC(=O)c1ccncc1,-7.96246184
NC(=S)c1cnccn1,-9.840398467
Cc1ccc2c(c1)[C@@H](O)CC2,-6.537989039
O[C@H]1CCCc2ccccc21,-6.399459932
Cc1cccc(C(=O)O)c1,-7.605923208
OCc1ccoc1,-7.697853423
Cc1oncc1C(=O)O,-9.640028249
Cn1ccc(=N)cc1,-12.3651473
C=C(CNC)c1ccccc1,-5.209449968
N#Cc1ccccc1Cl,-6.955822848
OCc1ccccc1O,-7.955565505
N=C(N)c1ccc(N)cc1,-14.09323454
Cc1nc([N+](=O)[O-])c[nH]1,-15.34346036
O=CN/C=C/c1ccccc1,-11.21608236
COc1ccccc1,-4.519665875
c1nc(C2CCNC2)c[nH]1,-11.06815943
Cc1cc(C)cc(C)c1,-3.222326601
O=C(O)c1cncc(O)c1,-12.25901653
C/[N+]([O-])=C/c1ccco1,-11.85279794
c1cncc(C2=NCCC2)c1,-7.207109227
c1ccc2c(c1)CNCN2,-7.541377529
Cc1ccnc(S)n1,-6.537926288
CCC#CCCc1c[nH]cn1,-12.47320452
N#CC(N)Cc1ccccc1,-12.38481346
O=Cc1ccsc1,-6.214413508
Cc1ccc(C(N)=O)cc1,-11.18103593
N#Cc1ccc(C#N)c(F)c1,-10.20067706
Cc1ccccc1C/C=N/N,-8.58656446
Cc1ccc(C=O)o1,-6.54367428
c1ccc2c(c1)CCCNC2,-5.504354567
NCC(O)c1ccsc1,-9.284060651
O=COc1ccccc1,-6.843134602
CCOc1ccccc1,-4.562016525
CN(C)Cc1ccccn1,-5.709851542
Cc1ccsc1C(=O)O,-7.517293696
O=c1ccss1,-6.198587706
Cc1ccoc1C,-3.375156662
COc1ccc(C)cc1N,-7.317845917
Cc1nonc1/C=N/O,-8.294671909
C[n+]1cccc(C(=O)[O-])c1,-34.48209493
Nc1ccccc1C(=O)O,-8.810497679
O=c1ccc(=O)[nH][nH]1,-16.76197809
CN(N=O)c1ccccn1,-10.14937812
O=C(O)c1ccc(F)nc1,-9.027327484
N#CNC(=N)c1ccccc1,-15.20594155
CC(C)(C)c1ccc(N)cc1,-7.085184035
COC(=O)c1ccncc1,-7.378526134
Oc1cccc(O)c1O,-12.66446957
CCc1ccc(C=O)cc1,-6.453908975
Cc1cc(C)n(C(=N)N)n1,-10.39528673
Cc1nnc(N)s1,-11.66473319
CC(C)Cc1ncc[nH]1,-9.502885938
O=[N+]([O-])c1ccc[nH]1,-8.90215179
OC/C=C\c1ccccc1,-8.294973114
NC(CO)c1ccccc1,-8.989099575
O=c1c(O)ccccc1O,-7.3701175
Sc1cccc(Cl)c1,-4.64012897
Clc1cc(Cl)ncn1,-4.852917611
Cc1c(O)ccoc1=O,-12.3996227
NCCc1nnn[nH]1,-14.34752042
O=C1NCCc2[nH]ccc21,-14.54038562
Nc1cncc(N)c1N,-14.55541448
C=CCc1ccc(OC)cc1,-5.519471283
O=C(NO)c1ccncc1,-11.81983484
NCCOc1ccccn1,-7.906563249
CN(O)c1ccccn1,-7.37887754
NS(=O)(=O)c1ncc[nH]1,-16.61266209
c1cn2c(n1)COCC2,-9.438679115
Nc1nnc(S)s1,-12.57984357
C1=CNC(c2ccccc2)N1,-8.615988404
Cc1cnc(CO)cn1,-7.699905381
CCOC(=O)c1cn[nH]c1,-11.14798498
Nc1ccncc1N,-11.6510723
NCc1ccnc(Cl)c1,-8.870876691
Cc1ccccc1C(=O)O,-7.619703328
CCc1ccc(O)cc1O,-9.515429863
CCc1cc(C(=O)O)[nH]n1,-10.25856486
NC1Cc2ccccc21,-6.541245816
C[C@H](N)Cc1c[nH]cn1,-12.7731292
Cc1nnc(S)[nH]c1=O,-12.44269499
NC1CCc2ccccc2C1,-6.679003087
COc1ccnc(CN)c1,-8.978268753
Cc1cc(CO)nn1C,-9.546453957
CCc1nc(C#N)c(C#N)[nH]1,-15.52118375
Nc1ccc[nH]1,-8.627553414
CNc1cc(OC)ccn1,-8.773198485
Cc1ccc(C)c(C)c1C,-3.424798978
N[C@H]1C[C@@H]1c1ccccc1,-6.721730243
C[C@H](N)c1ccccc1,-6.451235782
C[C@H](c1c[nH]cn1)[C@@H](C)N,-12.36076101
N[C@H]1CCc2ccccc2C1,-6.798688069
O=c1cc(CO)occ1O,-17.23817033
Oc1cc(F)ccc1F,-5.563572686
NC1(c2ccccn2)CC1,-6.40279201
Nc1nccs1,-8.257623718
Cc1ccc(O)cc1C,-6.741283454
CNc1ccc(N)nc1,-10.32784823
NOCc1ccccc1,-8.67156069
O=C(O)c1ccc[nH]c1=O,-16.36322059
N=C(N)c1cccc(CN)c1,-13.77306639
O=C(O)c1sccc1F,-8.361451523
NCc1cc(O)no1,-13.83726694
Cc1ccncc1C(=O)O,-9.230929379
Cn1cccc/c1=N\C1CC1,-7.208138344
Nc1cc(F)nc(F)c1,-10.54937809
CCc1cc(C)cc(=O)o1,-9.034895255
NCCCc1ccccc1,-6.919948101
S=c1ccss1,-6.690900676
Nc1onc2c1CCC2,-10.45588537
O=[N+]([O-])/C=C/c1ccco1,-8.44473465
Cc1cc(C)cc(N)c1,-6.73602492
Nc1cc(O)ccc1Cl,-9.49955386
Cn1c(Cl)cnc1CO,-9.104787319
CCc1ccccn1,-4.771341311
Cc1ccnc(CCO)n1,-8.316753986
Cc1ccc(C)c(CCN)c1,-6.735874318
NCCc1nnc(S)o1,-11.92980596
Cc1cc(Cl)nc(N)n1,-8.021121475
CN(N=O)c1ccncc1,-9.968705436
OCc1ccc(Cl)cc1,-6.885083646
Cc1ccc(O)c(N)c1,-8.02584035
Cn1cncc1/C=N/O,-12.71983478
C=CCc1ccccc1O,-7.137556019
COc1cccc(O)c1,-8.432429179
CCn1cccc(O)c1=O,-8.695908078
C=CC(=O)c1ccccc1,-6.537010124
CC(=O)Nc1ccccn1,-13.38956993
Nc1c[nH]c(=O)[nH]c1=O,-16.06132553
CSc1ncc[nH]1,-8.760698486
Cc1cc(C)oc(=S)c1,-10.24824859
OC/C=C/c1ccccc1,-8.22632352
Cc1ccnc(N(C)C)n1,-5.57163619
CC(=O)c1ccccc1N,-7.462399121
Oc1nc[nH]n1,-12.75704612
Cl.Nc1ccc(O)cc1,-10.68597447
C/C(=N\O)c1ccccc1,-9.80894139
SCc1ccccc1,-5.33354007
NC1(Cc2ccccc2)CC1,-7.316057514
c1cncc(C2N=NN=N2)c1,-9.776455198
OCc1cc(Cl)ccn1,-6.500551793
CC(C)(C)c1ccccc1,-3.565593396
Cc1c[nH]c(=O)[nH]c1=O,-14.11526014
CCCc1n[nH]c(O)n1,-15.17847543
Cn1cncc1C(=O)NN,-17.50027498
Cn1ccnc1F,-6.940191574
NNC(=O)c1ccc[nH]1,-14.31629552
CC(=O)c1ccccn1,-6.642544756
Oc1cccc(O)c1F,-9.276367378
ClCCCc1cc[nH]n1,-9.647426591
Cc1ccc(NC=O)cc1,-8.478795893
Cn1ccc(=O)n(C)c1=O,-11.31213532
c1cnc(N2CCCC2)nc1,-6.050288267
N/N=C/c1ccc(O)cc1,-11.66389233
Nc1cc(O)ncn1,-14.67752165
CN(C)CCc1cnc[nH]1,-11.42401408
C/C=N/c1cc[nH]c(=O)n1,-16.37229438
CC[C@H](O)c1ccccc1,-6.928237508
C=COC(=O)c1ccccc1,-5.851041292
COc1ccc(N)c(C)c1,-8.067092857
O=C(O)c1cncnc1,-9.552007421
Oc1c(F)cc(F)cc1F,-6.154467478
CC(=O)Nc1ccncc1,-11.78047113
c1ccc([C@@H]2CO2)cc1,-5.351455481
CCn1sccc1=O,-8.676612146
Nc1nnnn1CCO,-20.22812371
FC(F)c1ccccc1,-5.165041085
CN/N=N/c1ccc(C)cc1,-7.038528666
O/N=C/c1ccns1,-7.978331568
Cc1csc(C(=O)O)c1,-7.90754844
O=C1CCc2ccccc2O1,-8.466779077
FC(F)(F)c1c[nH]cn1,-11.11401159
CCn1nc(C)cc1N,-10.123349
O/N=C/c1ncccc1O,-13.90177496
On1ccccc1=S,-8.617645031
OC[C@H]1C[C@@H]1c1ccccc1,-8.257121711
Cn1nc(Cl)cc1C=O,-8.840837788
CCCc1cn[nH]c1,-7.711545691
NNc1ccc(F)cc1,-8.746052402
Nc1ccnc(O)c1F,-10.27532565
Cc1ccc(Cl)cc1N,-6.85365167
C=Cc1ccc(O)cc1,-7.348531156
O/N=C/c1ccccc1,-7.091841916
[N-]=[N+]=NCCc1ccccn1,-6.968649152
N#Cc1cnc(NN)nc1,-11.97206249
C1=Nc2ccccc2CN1,-9.71952749
Cl.NCc1ccccc1,-10.11642757
O=C1N=Cc2ccccc21,-9.36084905
Cc1nn(O)c(C)c1CN,-11.29600831
Cc1nn(O)cc1CN,-11.15915466
NNc1nncc(O)n1,-16.58857826
Cc1nc[nH]c(=O)c1Cl,-12.15810665
N=C(N)Nc1cccnn1,-15.51165814
On1ncc2c1CCNC2,-10.68950107
Nc1ccc(O)c(N)c1,-12.55892239
CCc1nccnc1OC,-5.252277525
CCc1ccc(O)c(O)c1,-8.569766018
CNc1cc(C)cc(C)n1,-6.894100964
O=C(O)/C=C/c1ccco1,-9.240354579
NNC(=O)c1cccs1,-15.36022116
COc1c(O)cccc1O,-12.00904165
CCc1ccc(CN)cc1,-6.336909735
O=Cc1cccc(F)c1,-6.21610151
N/N=C/c1ccccc1O,-11.14358613
Cc1ccccc1CC(C)N,-7.580691031
Cc1cc(N)no1,-9.963082947
CCOC(=O)c1c[nH]cn1,-15.56679117
Oc1[nH]nc2c1NCCC2,-12.38360865
N#CCc1ccccc1C#N,-10.81503445
C=CCCOc1ccccc1,-5.611200695
CC(N)C(=O)c1ccco1,-11.82621661
Cc1ccccc1N=O,-4.781312445
NOCc1ccccc1F,-9.945299313
CCn1ccc(=N)cc1,-12.47543218
CC(C)c1ccccc1N,-6.661652435
Cc1cc(C)c(C)c(O)c1,-7.006055024
Cn1sc(N)nc1=O,-16.25361342
O=C(O)c1cnsc1,-8.588020284
Nc1csnc1C(=O)O,-13.00164952
On1cc2c(n1)CCNC2,-10.49872548
NCc1cc(F)cc(F)c1,-7.001762855
CCc1cccc(C)c1N,-6.446127851
CC(=O)c1ccccc1C=O,-10.15320593
COc1ccc(S)cc1,-5.74829908
N=C1NC(=N)c2ccccc21,-12.88178256
C#Cc1cccc(OC)c1,-5.956437872
C[C@]1(N)C[C@@H]1c1ccccc1,-6.539608015
N#Cc1cscn1,-8.631136496
CNCc1ccco1,-5.545676101
Cc1occc1S,-4.213616698
c1cc2c(cn1)CCCC2,-5.517933884
Nc1cc(C(=O)O)ccn1,-11.85577233
NCc1nnc2n1CCC2,-15.24898873
ClCc1cccnc1,-6.736978735
Cc1ccc(C=O)cc1C,-6.587807058
NC1C[C@H]1c1ccccc1,-7.478099421
CC(C)C(N)c1ncc[nH]1,-11.46832883
NCc1ccccc1CO,-9.737869608
NCc1c[nH]c(C(=O)O)c1,-13.60542709
NC1CCOc2ccccc21,-7.638308999
O=C(O)c1ncc[nH]1,-14.29774005
COc1nc(C)ccc1C#N,-8.898129451
Cc1nc(N)nc(N)n1,-12.5924628
CCc1ccccc1CC,-3.442406908
CNCc1nnc(S)o1,-11.14988633
CCNCc1ccccc1,-5.217601323
C=C(CNN)c1ccccc1,-9.5726525
C[C@H]1[C@@H](N)[C@H]1c1ccccc1,-6.383427051
CC(=O)C=Cc1ccco1,-7.99197991
CNC(=O)c1ccccn1,-13.62364998
c1cncc(C2CCCN2)c1,-7.861702559
O/N=C/c1ncc[nH]1,-18.24421946
C=C(C)c1nc(C#N)c(N)o1,-12.93710384
c1coc(C2CCCN2)c1,-6.705860515
Nc1cccc(F)c1,-7.10375833
CCC(=O)Nc1ccccc1,-8.836144013
Cc1cn(C)c(=O)n1C,-9.756889436
O=c1cccccc1O,-7.219960632
Oc1noc2c1CCNC2,-13.5241018
Nc1cnccc1C(=O)O,-10.38265496
Nc1ccccc1CCO,-10.83564188
CCc1ccccc1C,-3.373098429
CNn1c(C)n[nH]c1=O,-11.8742023
NC(=O)Cc1ccccc1,-10.76229851
NC(=S)c1ccccn1,-14.24005305
Cc1ccc(N)c(S)c1,-6.609198874
Sc1ccccc1S,-4.57393294
CC(C)n1ccccc1=O,-8.482724106
O=C(O)/C=C/c1ccccc1,-9.14941583
NC1CCCc2ccncc21,-8.769458525
Nc1nc(=O)[nH][nH]1,-21.57182969
C/C=C\c1ccc(OC)cc1,-5.317889971
Cc1cc(O)cc(O)c1O,-14.30838262
c1n[nH]c2c1CCCC2,-7.771855677
CCC(=O)c1ccccc1,-6.589093454
NC(=O)c1ccc(N)cc1,-14.9172744
CCc1occc(=O)c1O,-8.278344099
NC(=O)Oc1ccccc1,-11.41697342
OC1Nc2ccccc2N1,-10.34074357
c1ccc2c(c1)CC1CC21,-3.496008812
COc1cccc(C)c1,-4.706745432
CNc1ccccc1,-5.59172906
O=c1nc(NO)cc[nH]1,-18.00698303
CCn1ccnc1,-8.60156195
Cc1ccncc1C#CCN,-9.174974312
Cc1cncc(C#CCN)c1,-9.710127391
NCc1cccc(O)c1O,-11.42502437
O=Cc1ccc(Cl)cc1,-6.025294544
CNCc1sccc1C,-5.604781268
Nc1ccc2c(c1)COC2=O,-13.62107092
CCc1nc(C)c[nH]1,-8.839915348
c1ccoc1,-3.259362241
C=C(CN)c1ccc(C)cc1,-7.083514858
NC(N)c1ccccc1,-9.269383192
C#Cc1cc(C)oc(=O)c1,-9.195719793
C/C(=N/O)c1ccccn1,-8.460070995
Cc1cccc(C)n1,-4.739369677
C=C(CN)c1cccs1,-7.051775402
Cc1ccc(C)c(N)c1,-6.183866321
O=Cc1ccccc1,-5.99521799
CCc1n[nH]c(=O)[nH]1,-13.44100065
Cc1ccc(F)cc1,-4.483013016
Cc1cccc(C)c1,-3.155546987
O=Cc1ccc(F)cc1,-6.333565107
Sc1ccccc1,-5.37245824
Cc1ccc(S)cc1,-4.617751964
c1ccc2c(c1)COC2,-4.659870435
Cn1ccnc1O,-8.981161574
OCc1cccc(F)c1F,-7.744107185
c1cncc(C2CCN2)c1,-7.415819053
CCc1n[nH]c(=O)n1N,-12.92871403
OC1CCCc2ccccc21,-7.082096685
C=C=C(CN)c1ccccc1,-7.126455367
Cc1ccc(N)cc1N,-9.964519945
O=C(O)c1cccnc1F,-9.498807123
N#Cc1cccnc1Cl,-8.237549674
COc1cccc(CN)c1,-7.608822304
C=CSc1ccccc1,-4.379204037
O=c1cccc(O)[nH]1,-14.97849427
CCc1n[nH]c(=O)n1CC,-12.35252807
CCNCc1cccnc1,-7.519979438
C[C@@H](N)c1cc(O)no1,-14.34088764
N#CC[14CH](O)c1ccccc1,-12.25843923
C/C=C/c1ccccc1,-3.959832829
CC(=O)c1ccc(C)cc1,-6.835604482
CN[C@H](C)c1ccccc1,-5.96983521
NCc1cc(O)ns1,-12.75001173
CC(=O)Cc1ncccc1C,-7.846071285
C/N=c1\ccsn1C,-6.912631335
[O-][n+]1cccc(CO)c1,-13.29467786
CC(CN)c1cnc[nH]1,-13.28445573
NCCc1cccc(O)c1,-10.6709707
Cc1cccc2c1CC[C@H]2O,-6.630628341
C/[N+]([O-])=C/c1ccccc1,-9.630628149
Cn1c(N)cccc1=N,-11.94240636
CCNc1ccnc(=O)[nH]1,-20.22822411
NCCc1nnc(O)o1,-15.98771233
Nc1[nH]c(=O)[nH]c(=O)c1N,-19.54340362
N#CSCc1ccccc1,-8.375281843
OCc1cccnc1,-8.300859157
O=C1CCCc2[nH]ncc21,-12.71962142
Cc1[nH]cnc1CC(=O)O,-14.97991872
Cc1ccc(CN)cc1,-6.21798404
CNCc1cccnc1,-7.359387079
Cc1cccnc1C.Cl,-6.317921282
Cc1ccc(CC(C)N)cc1,-6.832887364
Cc1cc(=O)c(O)c(C)o1,-14.27784171
[N-]=[N+]=Nc1ccc(N)cc1,-8.052867206
O=CNc1ccccc1,-9.393931377
Oc1ccc2c(c1)OCO2,-8.136708817
NCC1(c2ccccc2)CC1,-6.806977476
Sc1ccc(Cl)cc1,-4.688133485
c1coc(C2=NCCN2)c1,-8.348173412
Cc1ccn(C)c(=N)c1,-8.613315212
Cc1ccccc1N.Cl,-15.65686396
CCc1ncc[nH]1,-9.41486511
Sc1ncc[nH]1,-9.787342496
CC(N)C(C)c1c[nH]cn1,-13.1167976
NC(=O)c1ccc(F)cc1,-10.96448851
OCc1ccncc1,-8.60629965
Cc1noc(/C=N\O)n1,-7.864758533
Nc1ccc2c(c1)CNCC2,-9.127954988
Cc1cccc2c1CC[C@@H]2O,-6.61334044
OCc1cc(O)cc(O)c1,-13.20821326
NCc1ccc(N)cc1,-10.07999433
Cc1nccnc1N(C)C,-5.856080197
O=CN(O)c1ccccc1,-9.959606541
NCc1cccc(CN)c1,-9.982259652
Nc1ncc(C(=O)O)cn1,-11.98632579
Cc1cccnc1C(=O)O,-9.630496372
O=C(O)/C=C/c1ccoc1,-9.547407772
Nc1nc(N)nc(N)n1,-15.0615013
Nc1cc(N)c(N)cc1N,-14.49108843
Cc1cccc(O)c1C,-6.295374848
CC(C)(CN)c1nnn[nH]1,-15.06502163
Cc1ccc(/C=[N+](/C)[O-])cc1,-9.813773217
Nc1nc(N)nc(Cl)n1,-12.06529792
COc1cc(C)oc(=O)c1,-11.44277035
Nc1cc(N)nc(S)n1,-13.65688291
O=Cc1cnc(Cl)s1,-6.495017155
C=Cc1ccccc1C=C,-4.096197027
c1ccc2c(c1)CC1NC21,-7.130283178
[O-][n+]1ccc(NO)cc1,-16.27787923
Cc1cc(C(=O)O)n[nH]1,-14.2805902
N#Cc1cccc(C#N)c1,-10.60036328
O=C/C=C\c1ccc(O)cc1,-9.458495881
[N-]=[N+]=NCc1ccccc1,-5.611307372
C=Cc1ccc([N+](=O)[O-])cc1,-7.394634316
CN(C)Cc1ccccc1,-4.170839341
O=C(NO)c1ccccn1,-9.642431612
Nc1nc[nH]n1,-12.60317439
O=CC(=O)Nc1ccccc1,-8.57840683
O=Cc1ccccc1O,-11.11381706
CC(C)(N)Cc1ccccc1,-6.946378823
O=C(O)c1cnsn1,-9.33199614
Cc1ccc2c(c1)CCC2=O,-7.428645358
N#CC(C#N)=Cc1ccco1,-11.96064808
Cn1cc(C(=O)O)c(=O)[nH]1,-21.13747982
CNC(=O)n1ncnc1N,-17.83161281
O=[PH](O)c1ccsc1,-11.95266615
O=c1[nH]oc(=O)[nH]1,-13.24953479
COc1ccn(C)c(=O)n1,-12.52713901
O=Cc1ccc(O)c(O)c1,-13.90135453
CC(C=O)c1ccccc1,-6.559500082
O=Cc1ccc(CO)o1,-11.78153163
Oc1cccc2c1CCC=C2,-6.994684542
ClCCc1cc[nH]n1,-8.999208761
c1cnc(C2N=NN=N2)cn1,-10.44991775
Fc1ccc(CS)cc1,-5.793366848
CCc1c(C)ccnc1N,-7.904373239
C/C(=N\O)c1ccco1,-10.99167851
CCCc1nsc(N)n1,-10.23005708
Cc1ccnc(N)c1,-8.001210582
Cc1cccc(CN)c1,-6.44168508
O=c1cn[nH]c(=O)[nH]1,-12.25323717
ClCc1ccccc1,-4.87698262
N=C(N)Nc1ccccn1,-12.71523513
O=[PH](O)c1ccccn1,-12.36908806
O=[N+]([O-])c1cc[nH]c1,-11.36863005
Clc1ccccc1,-3.101524651
CN(C)/N=N/c1ccccc1,-6.575721216
O/N=C\c1ccccc1,-7.070613252
OCc1ncccc1O,-10.31458895
Cc1ncc([N+](=O)[O-])n1C,-10.20491275
Cc1nnc(N)nc1C,-10.53587407
CCOc1ncccc1N,-7.635867985
Cc1ccc(N=[N+]=[N-])cc1,-4.455402576
OCc1cc(O)ccc1O,-12.86192187
C[C@@H](N)[C@@H](C)c1c[nH]cn1,-11.73402284
N#Cc1ccc(O)[nH]c1=O,-19.9500301
Cc1ccc(O)c(O)c1,-8.373029083
C#CCCc1c[nH]cn1,-11.6133966
Cc1ccc(N)cc1O,-9.97648656
CCCCc1c[nH]cn1,-9.438152006
ONCc1ccccc1,-7.739545187
Nc1ccc2c(n1)CCC2,-7.716302217
N#CCc1nnc(N)o1,-16.36513449
Oc1ccc[nH]c1=S,-17.47444667
CCC(CC)c1ncc[nH]1,-9.293272498
CCNc1ccccc1,-5.602045324
Cc1ccc(CO)cc1,-6.313302809
NCC#Cc1ccccc1,-7.417739234
Cc1c(O)ccc(O)c1C,-9.948807094
CC(N)Cc1cccs1,-6.690273166
SC1=Nc2ccccc2C1,-7.988321527
CCOc1cc[nH]c(=O)n1,-14.33320064
CNCCc1ccccn1,-6.737832149
N#Cc1ccc(NC=O)cc1,-13.62705736
Oc1cccc(O)c1,-9.821905747
N#CC(C#N)=Cc1ccc[nH]1,-11.67787325
O=c1ccc(O)ccc1O,-16.52030517
CCc1ccc(C)nc1,-5.171372661
CC(=O)C(=O)c1ccccc1,-7.948085586
Clc1ncc[nH]1,-8.559198749
NC(=O)/C=C/c1cccnc1,-13.61064797
c1ccc2c(c1)C1CN[C@@H]2C1,-6.446253353
Cc1ccc(C=O)cc1F,-6.377434331
O=C1NCCc2cncn21,-12.66298865
OCc1ccc(O)cn1,-10.56902543
CN(C)Cc1nnc(O)o1,-14.01611356
N/N=C\Cc1ccccc1,-9.043303889
CC1COc2ccccc2N1,-7.091214406
Cc1ccccc1Cl,-3.092827362
Cc1ccc(C(=O)O)s1,-8.051499234
CN=c1ccn(C)cc1,-10.77180528
N=C(N)NCc1ncc[nH]1,-16.316697
O=[N+]([O-])C=Cc1ccccc1,-8.527114163
C/C=C/c1ccc(O)cc1,-7.608615226
O=C1COc2ccccc2N1,-9.78350841
CCc1nc(CCN)c[nH]1,-12.63637595
CC(C)(CN)c1ccccc1,-7.451869503
Fc1cccnc1,-4.737957779
NOC1CCc2ccccc21,-6.78183315
CNCCc1[nH]cnc1C,-12.01879943
O=[N+]([O-])c1cccc(F)c1,-6.427327651
O=C(O)c1cccc[n+]1[O-],-16.88558501
O=c1occcc1O,-12.78836515
Cc1nc(O)cc(O)n1,-11.75439809
O=Cc1cccnc1,-7.374026888
C#Cc1ccc(OC)cc1,-6.279310592
NCc1nnn[nH]1,-15.85408408
C#Cc1ccc(F)cc1,-4.746297387
Nc1cccc(N)c1,-10.16278173
N=C(N)n1cccn1,-9.932611061
CC(C)C(=O)c1ccccc1,-6.391145424
CCc1nn(C)c(N)c1C,-9.725005653
Cc1ccc2c(c1)CCCN2,-5.414903017
Cc1cccc(CON)c1,-7.398606454
Cn1ccsc1=N,-7.742682737
N#Cc1ccccc1N,-9.472734083
Cn1sccc1=O,-8.719640506
Cc1ccc(Cl)c(O)c1,-7.830063505
c1cnccn1,-5.265957243
O=C(O)c1ccsc1,-7.719289165
Cc1cccc(O)c1N,-8.850319464
Cc1nsc(/C=N/O)n1,-10.02663716
O=c1[nH][nH]c(=S)c(=O)[nH]1,-20.72357423
C=CCn1cnnc1S,-12.94031669
CN[C@H]1C[C@@H]1c1ccccc1,-6.77178044
CSc1nccn1C,-7.422370258
O=CC(=O)c1ccccc1,-6.586495562
C=CCc1ccccc1,-3.894803968
Sc1ncccn1,-6.332423039
Cc1ccccc1NC(=N)N,-13.279398
O=C(O)c1ccc([18F])cc1,-7.706657388
CCOc1ccccc1C,-4.566911103
N=C(N)Nc1ccncc1,-15.9622417
COc1ccc(O)cc1,-8.124955554
N=C(N)c1ccc(CN)cc1,-13.89369891
NC(=O)c1cnccn1,-14.37110224
OCCOc1ccccc1,-7.724221393
NNCCc1ccccc1,-8.894345565
OCc1n[nH]c(CO)n1,-13.78794465
O=C(O)CCn1ccnc1,-14.26949582
COc1ccc(C=O)cc1,-7.897658882
Cc1ncccc1O,-7.605609453
Nc1[nH]c(=O)ncc1F,-21.2724886
OCc1ccccc1,-6.488171021
COCCCc1c[nH]cn1,-11.62652411
NC[C@@H]1C[C@H]1c1ccccc1,-7.618498508
CN1CCc2ccccc2C1,-4.639727364
CC[C@H](N)c1ccccc1,-7.370876787
N#CCC(O)c1ccccc1,-12.27447211
NNN1CCc2ccccc21,-8.335372208
O=Nc1ccc(Cl)cn1,-6.227973999
Cc1cnc(C(=O)O)cn1,-11.35527036
NCc1ccc(C(=O)O)[nH]1,-13.89120142
NCCc1ccccc1O,-9.921089977
C=Cc1cc(O)nc(O)n1,-10.91332761
CC[C@H](N)Cc1ccccc1,-7.412675228
O=Cc1ccc(O)cc1,-9.861231799
NC(=S)c1cccnc1,-12.74440807
Cc1ncccc1C#CCN,-8.490480129
CNCc1nnc(O)o1,-14.58788185
CC[C@@H](N)Cc1ccccc1,-7.487405394
Cc1cccnc1CO,-9.310196442
Nc1n[nH]c(CO)n1,-14.0828618
OCCc1ccccn1,-8.270701027
Cc1n[nH]c(C)c1CCN,-11.44489761
N#CCc1ccccc1,-8.085623228
C[C@@H](N)c1nnc(O)o1,-15.37886448
NNC(=O)c1cscn1,-14.78053369
Cc1ccc(C#CCN)cn1,-10.65582261
COC(=O)c1c[nH]nc1N,-13.21426246
c1nc[nH]n1,-10.00006211
NCc1coc(C(=O)O)c1,-11.89177258
N[C@H]1C=Cc2ccccc2C1,-7.044207631
CCOc1ccccc1O,-6.496516904
NNc1ccccc1Cl,-9.249145994
SCc1ccco1,-5.729254151
c1cncc([C@H]2CCCN2)c1,-7.498204841
Cc1cc(=N)sn1C,-10.15186306
NCC(N)c1ccccc1,-11.08315692
NC1Cc2ccccc2C1,-6.630013381
Cn1sccc1=N,-10.13352094
Nc1nc(=S)[nH][nH]1,-25.24682946
CC(=O)Nc1ccccc1,-9.730828945
Oc1noc2c1CNCC2,-13.49344166
Cc1ccc(C=O)s1,-6.755107499
CN[C@@H](C)c1ccccc1,-4.954455004
Cc1[nH]cnc1C(N)=O,-14.53509571
Oc1ccccn1,-6.040844242
CC(C)c1ccc(C#N)cc1,-7.391754045
O=NN1Cc2ccccc2C1,-8.624146034
Cn1ccncc1=N,-9.201988618
CCCCNc1ccccc1,-5.890179091
Cc1cc(Cl)ccc1N,-7.047106728
NCc1ccc(C(=O)O)o1,-12.00168096
CCc1nccnc1C,-5.529530269
Cc1ccc(C)c(O)c1C,-6.106048806
NC[C@H](O)c1ccccc1,-9.481832977
CNc1ccccc1CN,-6.752904939
Cc1nnc[nH]1,-14.49940294
NCC#Cc1cncnc1,-9.907573412
Cc1occc(=O)c1O,-8.251568247
Cc1cc(O)cc(O)c1,-10.36093684
CC(C)c1ccc(C=O)cc1,-6.651693851
N#Cc1ccc(O)cc1,-10.83635724
Cc1cccc(Cl)c1,-3.214658429
CC(=O)c1ccc(O)cc1,-10.46819712
CN(C)c1cnccn1,-6.461206916
Nc1cncc(C(=O)O)c1,-13.12510584
N#Cc1ccccc1,-6.798832396
O=C1CCOc2ccccc21,-7.548474668
Nc1ccccc1Cl,-5.978482298
S=C=NCc1ccccc1,-6.908414468
O=[N+]([O-])c1c[nH]cn1,-15.34411297
O=[PH](O)c1cccnc1,-13.53187664
NC(=O)c1nccnc1O,-13.44712514
C=CCNc1ccc(C)cc1,-6.345519172
N/N=C(/N)c1ccncc1,-11.93554768
C[C@H](N)C(=O)c1ccccc1,-8.314902831
COc1ccc(C#N)cc1N,-11.45923621
C[C@H](O)c1ccccc1,-6.37422148
CN(C)C(=O)c1ccoc1,-9.236282039
Cc1cc(O)ccc1O,-9.820562876
OCc1cc(O)[nH]n1,-14.48404777
NCc1ccc(F)cc1,-6.364695878
Cc1cc(C)nc(S)n1,-6.817682797
OCc1ccsc1,-7.144038197
Cc1cccc(NC(=N)N)c1,-13.73980836
Cc1cc(C)nc(N)c1,-7.90192595
Cc1nnc(S)o1,-9.071673616
NC1N=Nc2ccccc21,-11.22047493
Cc1nn(C)cc1/C=N/O,-10.51430656
C/C(C=O)=C/c1ccccc1,-6.91952767
Oc1ccc(O)c(O)c1,-11.77740261
Nc1cc(Cl)ccn1,-7.492237221
O=C/C=C/c1cccc(O)c1,-10.79693078
Nc1ncc([N+](=O)[O-])s1,-12.77048739
COc1cccc(N)c1,-8.12685691
NCCCc1cccnc1,-8.854774785
O=C1Cc2ccccc2N1,-9.707184369
O=Cc1ccc(Cl)nc1,-7.792488206
NCC#Cc1cccnc1,-9.710892953
CCCNCc1ccccc1,-5.423317926
Cc1cccc(=S)n1O,-8.623738153
Cc1ccccc1C(=N)N,-10.93063434
CCc1cnc(C)c(C)n1,-5.588773488
CCCc1ccccc1,-3.311684025
CN(N)Cc1ccccc1,-7.201631065
Oc1ccc2c(c1)C1CC1C2,-6.996203116
C=Cc1nc(C#N)c(N)o1,-13.25667586
OC1=Nc2[nH]cnc2CN1,-14.1945523
Cc1csc(N)n1,-8.166026084
Cc1cc(O)nc(O)n1,-9.850846508
Cc1cc(C)oc(=O)c1,-9.133979084
Cc1cc(C)cc(C(=N)N)c1,-11.1664024
Nc1cccccc1=O,-9.386853064
NC(=S)c1ccco1,-12.54351074
CN(C)/C=C/c1ccncc1,-9.038095556
Cc1ccc([N+](=O)[O-])cc1,-6.758960411
NCCOc1ccccc1,-9.099246406
O=c1cccc(Cl)[nH]1,-9.137373913
Nc1ccc(F)cc1,-7.119992014
O=Cc1cccc(O)c1,-9.074277783
COC(=O)c1ccccn1,-8.337330039
Nc1ccncc1,-9.515134933
Nc1ccccc1CO,-9.909048061
NC(=O)c1[nH]cnc1N,-18.48144962
CNC(=O)c1ccccc1,-9.789231301
NC(=S)c1ccccc1,-10.76031558
Cn1cnc(CCN)c1,-10.78660825
C=CC(O)c1cccs1,-6.737543495
Cc1cc[nH]c1,-5.625576949
c1cncnc1,-5.849397216
c1ccc2c(c1)CNC2,-5.62908473
O=C(O)c1c[nH]cn1,-16.66470777
Cc1ccc(N)cc1,-6.325802808
O=C(O)Cc1ccccn1,-10.27578373
NC(=NO)c1ccncc1,-11.55752938
NC(=O)c1ccccc1F,-8.915505202
Cc1cncc(C(=O)O)c1,-9.443630169
N#CNc1nncs1,-16.27412672
CCc1cccc(CC)c1N,-6.528457162
N[C@@H]1C[C@@H]1c1c[nH]cn1,-12.67960511
CNc1cnccc1CN,-10.73333265
c1cscn1,-4.857473334
O=Cc1ccncc1,-7.203049238
Cc1cc(C)nc(C)c1,-4.970287082
NCc1nnc(S)o1,-11.9413396
Nc1nnc(N)n1N,-21.46715475
NCc1ccc2c(c1)CNC2,-8.942224578
CC1CNCc2ccccc21,-5.442933889
NC1COc2ccccc21,-8.279900324
Cc1ccccc1O,-6.184876612
COc1ccccc1O,-6.406343717
Cc1cc(O)no1,-11.12530677
Nc1cc(S)nc(N)n1,-12.21175876
N[C@@H]1C[C@H]1c1ccccc1,-7.497244751
NCc1ccccc1F,-6.608477238
CC=C(C)c1cccnc1,-5.424033287
Cc1ccccn1,-4.795525546
COc1ccc(N)cc1,-8.114965595
O=Cc1cccc(Cl)c1,-6.094408495
Cl.N=C(N)n1cccn1,-17.69909525
CC1Cc2ccccc2CN1,-5.705415046
NC(=O)c1ccccc1,-10.71414967
OCCc1cnco1,-9.496127655
CCOc1cccc(N)c1,-8.582950003
C=Cn1ccnc1,-7.891917166
CCc1ccc(O)cc1,-6.681531952
CN(C)CCc1ccccc1,-4.880810431
Oc1ccc(CC2CC2)cc1,-7.505709861
CCN(CC)c1ccccc1,-4.880446475
Nc1ccc(O)cc1,-10.0404361
Nc1c(F)cnc(O)c1F,-9.159826221
Oc1ncc(Cl)c(O)n1,-10.68471945
O/N=C/c1cnns1,-11.84893247
Cc1nc(C)c(C)nc1C,-5.572163298
NC[C@@H](O)c1ccccc1,-9.776015941
O/N=C\c1cnsn1,-6.89693731
O=c1cc[nH]c(=S)[nH]1,-14.4374928
Cn1cnc(F)c1[N+](=O)[O-],-10.8023964
C[C@@H](N)c1ccccc1,-6.570544258
COc1ccccc1S,-5.416101561
O=C(O)Cc1ccccc1,-8.59721958
CC1CCc2ccccc2N1,-5.605502904
C=Cc1ccc(C=C)cc1,-4.774987144
NC(C(=O)O)c1nnn[nH]1,-17.78235955
OCc1nnn2c1CCC2,-14.60214515
O=C(O)c1ccccc1F,-8.399120948
Cc1n[nH]c(=O)n1C,-11.88711646
O=Cc1c[nH]nn1,-12.17771006
CC1Cc2ccccc2C1=O,-6.943391875
Cc1ccc(C)c(O)c1,-6.392745575
CNC/C=C/c1cccnc1,-8.039275339
N#Cc1ccc(Cl)cc1,-6.854743537
NN1NNc2ccccc21,-9.820456199
NNC(=O)c1cnccn1,-14.51529777
O=Cc1cccc(C=O)c1,-8.867149282
Cc1ccc(C)o1,-3.41241193
C=Cc1cccc(C)c1,-3.743944289
CN(C)N=Nc1ccccc1,-6.648888882
c1ccc2c(c1)CCC2,-2.995237007
CC(=O)c1cccs1,-6.539965696
O=Cc1ccc([N+](=O)[O-])o1,-9.059085766
Cc1cn[nH]c1.Cl,-7.406632307
Cc1noc(CN(C)C)n1,-8.132962582
Nc1ccccc1F,-6.288785993
Cc1ccc(C(C)C)cc1,-3.218260336
O=C(O)c1ccnnc1,-11.43748672
Cc1cccc(O)c1,-6.65379601
O=C1Cc2cc(O)ccc2N1,-13.3095373
CCc1ccncc1,-5.374390971
c1cncc([C@@H]2CCCN2)c1,-7.095249295
OCc1cccc(O)c1O,-10.95243404
Cc1nc(CC(=O)O)c[nH]1,-13.43705361
O=Nc1ccc(O)cc1,-9.136646002
c1cc2c(cn1)CNCCC2,-7.08649553
Cc1n[nH]c(=O)[nH]c1=O,-12.06548618
c1cn[nH]c1,-7.56241794
Cc1cc(C)o/c(=N/O)c1,-9.382473044
CC(=O)c1ccc(N)cc1,-10.90105352
CN(C)c1ccc(C=O)o1,-10.07838163
Cc1ccc(C(=O)O)cc1,-7.749296693
COC(=O)Cn1ccnc1,-12.66571832
Cc1ccnc(N=O)c1,-7.705264316
Nc1ccc2c(n1)CCCC2,-7.720544185
N#Cc1ccncc1,-7.622872253
NNC(=O)c1ccco1,-16.6320396
Cn1ccnc1,-8.477522048
N#Cc1ccc(C(=O)O)cc1,-10.90804398
O=C(O)/C=C\c1c[nH]cn1,-16.69454587
c1cc[nH]c1,-5.915266941
Oc1ccc(Cl)cc1,-6.911119036
CN[C@H](C)Cc1ccccc1,-5.780452692
NCCn1oc(=O)[nH]c1=O,-13.6779798
C=C[C@H](O)c1ccccc1,-7.034487502
Cc1ncc(CCN)[nH]1,-13.45623031
O=c1cc(O)c1=O,-11.72250176
Oc1nccc(S)n1,-8.997539585
Cc1ccccc1[N+](=O)[O-],-6.602208413
CN1CCC1c1cccnc1,-6.070349762
NC(=S)c1cccs1,-11.58426131
CNCCc1cnc[nH]1,-10.26361631
N#Cc1cccc(C(=O)O)c1,-11.10299879
CCCCc1ccccc1,-3.391333869
CCCCn1ccnc1,-8.699321732
O=c1ccccn1O,-8.041452799
O=c1c[n+]([O-])cc[nH]1,-15.03495762
O=C(O)c1ccc[nH]1,-10.13249182
O=C/C=C/c1ccccc1O,-11.25118527
Oc1ccc(Cl)nn1,-13.31219794
NC(=S)c1ccncc1,-12.10338778
c1ccc(C2NCCN2)cc1,-7.606117736
C#CCN(C)c1ncccn1,-7.512411668
CC(=O)c1ccc(C)c(C)c1,-6.985177766
Cc1cc(N)nc(C)c1C#N,-11.75276657
NC[C@H]1C[C@H]1c1c[nH]cn1,-14.74932135
Cc1cc(C)c(C#N)c(=N)o1,-12.33222185
Nc1nncs1,-11.60801884
Cc1cccc(N)c1C,-6.511489292
NC[C@H]1C[C@H]1c1ccccc1,-7.388221164
NCCCc1nonc1O,-11.94936545
NCCc1cccc(F)c1,-7.492155645
CCc1scnc1C,-5.019239137
CCc1c(O)cccc1O,-9.034073217
OCCCc1ccccc1,-7.505596909
Cn1cncc1[N+](=O)[O-],-10.07354353
O=Cc1cc([N+](=O)[O-])no1,-10.80046367
C#Cc1cnc(O)nc1O,-11.76881827
Oc1cc(F)cc(F)c1,-6.893661707
N#Cc1ccccc1/C=N/O,-11.40693953
COc1ccc(CO)cc1,-8.816007217
Fc1ncc[nH]1,-8.829354355
NNc1nncn1N,-17.48605561
C=CCc1ccc(O)cc1,-7.502051478
O=C/C=C/c1ccc(O)cc1,-11.65559664
Cn1cccc(O)c1=S,-9.597665048
Cc1cccc(N=O)n1,-6.9308605
Cc1ccc(C#N)c(N)[n+]1[O-],-12.15378938
NC(=O)Cc1ccccn1,-11.04634091
Cc1cccc([N+](=O)[O-])c1,-6.319157477
Cc1ccco1,-3.34560094
O=Cc1cccnc1Cl,-8.76443217
O=Cc1ccc(C=O)s1,-8.695801401
COc1nccnc1C,-5.26635885
Oc1cc(O)nc(O)n1,-18.27681233
CCCc1ccccc1O,-6.484493812
Cc1cnccn1,-5.419377163
Cc1nc(C)nc(N)n1,-9.037562173
N=C(N)Nc1cnccn1,-14.4047305
O=C(O)c1ccco1,-8.525852868
O=C(O)c1ccncc1O,-12.59960386
O=c1cccco1,-8.272301177
O=C(NO)c1ccsc1,-10.43584898
CNc1ccccc1O,-7.555414928
Oc1ccc(F)cc1,-6.990825356
Cn1cc(C(=O)O)nn1,-14.73800734
c1ccc2c(c1)CC1OC21,-5.961771707
c1cocn1,-5.227748159
Cc1ncc(C(=O)O)s1,-9.118661565
CCc1noc(CNC)n1,-8.10399672
NCc1csc(N)n1,-12.63074718
c1ccncc1,-4.810058678
Oc1onc2c1CNCC2,-13.18292461
O=C(NO)c1ccccc1,-10.02010478
COc1ccc(C)cc1,-4.635654824
c1ccc2c(c1)CNCO2,-6.47713312
C=C(C)c1ccccc1,-3.711872252
CC(=O)c1ccc(C)cc1C,-6.476787989
Cc1cc(=O)c(O)co1,-14.12050612
S=c1cccco1,-8.831751443
CCC(=O)c1ccncc1,-7.768774603
CNc1nc(=O)n(C)s1,-14.8358989
Nc1ncc[nH]1,-12.57565181
c1n[nH]c2c1CSCC2,-9.851229289
OCCCc1cn[nH]c1,-12.22224445
Cc1noc(C)c1[N+](=O)[O-],-7.841653615
OCCCc1cc[nH]n1,-11.95825099
CC1NCCc2ccccc21,-5.636677601
NCc1cnn(O)c1,-11.13262353
C#CC(CN)c1ccccc1,-8.917513235
CCCC(=O)c1ccccc1,-6.259995834
N#[N+]c1cccc(C(=O)[O-])c1,-38.65190516
N=C(N)NCc1c[nH]cn1,-19.54794679
NC(=O)c1cnc(N)cn1,-14.36140094
C#CC(=O)Nc1ccccc1,-9.809487324
O=C(O)c1c[nH]nc1O,-15.04713132
O=C(NO)c1cccnc1,-11.66209765
O=C(O)CCn1cccn1,-12.20000549
O=[N+]([O-])c1ccc(F)cc1,-6.557102994
N#C/C=C/c1ccccc1,-8.476787861
CN(C)Cc1cccnc1,-6.108125864
Cc1c(C(=O)O)cnn1C,-10.44056158
CCOc1cnccn1,-5.468360594
Clc1ccc(Cl)cc1,-3.202635337
Cc1ccc(CN)c(=O)[nH]1,-13.0583325
OCCNc1ncccn1,-10.43742403
Cc1nnc(S)[nH]1,-14.70901638
Cc1cc(CN)c(C)o1,-6.86556181
OCc1cn[nH]c1,-10.965549
Oc1cc(O)cc(O)c1,-13.63050867
Nc1nc(CC(=O)O)c[nH]1,-18.68534017
c1ccc2c(c1)CCO2,-4.662788356
Clc1cnccn1,-4.975175384
c1cc(C2=NCCN2)ccn1,-9.859286518
Cn1ccc(=O)c(O)c1,-19.17450931
Nc1ncns1,-10.15906687
CCC(C)(C)c1ccccc1,-3.561527132
O=C(O)c1cnccc1F,-8.846102596
O=C(O)c1ccc(O)nc1,-10.37703247
NC1CC1c1ccccc1,-6.773706896
N#CC[14C](=O)c1ccccc1,-12.64071832
O=Cc1ccc[nH]1,-7.85670758
c1cnc(C2=NCCN2)cn1,-8.614720834
CN(C)CCc1nn[nH]n1,-10.99701862
Cc1cccc(C(=O)O)n1,-9.939256392
C=CCNCc1ccccc1,-6.143956685
Oc1cc(O)nc(S)n1,-9.361533035
Oc1cccc2c1CCCC2,-6.547640143
CC(=O)c1cccc(N)c1,-9.915116082
Cc1nn(C)cc1C(N)=O,-13.05276648
CCOc1ccccn1,-4.494741178
NC(C(=O)O)c1c[nH]cn1,-17.4197278
OCCc1cc[nH]n1,-12.55745402
CCn1ccccc1=O,-8.913409319
CCc1nc(C)ccc1O,-8.121818004
O=C1OC(=O)c2ccccc21,-8.951059919
Cc1noc(CN)n1,-9.794684363
Nc1nnc(CO)s1,-14.94686777
OCCc1ccoc1,-7.131701351
Cc1nocc1C(C)O,-10.26996671
NCc1nc(C(F)F)no1,-9.886614578
Oc1ccc(F)c(O)c1F,-8.674478611
CC(C)Cc1n[nH]c(O)n1,-11.28171364
C#CCOc1ccccc1,-6.396328657
CC(=O)c1ccc(F)cc1,-6.833081892
COc1cccnc1CN,-9.050689682
CC=Cc1ccc(OC)cc1,-5.712468259
CC(O)Cc1cccnc1,-9.511602052
Nc1ccc[nH]c1=O,-11.75720934
O=C(O)/C=C/c1c[nH]cn1,-15.69230572
CCc1cccc(C)c1,-3.075865767
[O-][n+]1ccccc1O,-8.547878469
FC(F)(F)c1nnn[nH]1,-10.87735247
O=C=NCCc1ccccc1,-6.494044514
O=C(O)c1ccc(F)s1,-7.174535183
Fc1ccc(S)cc1,-4.848763495
OC1CNCc2ccccc21,-9.24479735
Cc1nnoc1O,-8.33113024
NNC(=O)c1ccccn1,-13.77386333
NCCc1nccs1,-8.398920145
CC(NN)c1ccccc1,-7.919853911
N#CC(C#N)=Cc1ncc[nH]1,-18.31937634
c1ccc(C2=NCCN2)cc1,-8.378187215
O=c1ccc(CCO)n[nH]1,-14.16298855
Nc1nccc2c1CCCC2,-7.859951806
C#Cc1cccnc1,-5.899045807
CN(N=O)c1cccnc1,-9.986250616
O=C/C=C\c1ccccc1,-6.798060559
N#C/C=C/c1ccc(O)cc1,-12.38481346
N/N=C/Cc1ccccc1,-8.627791867
O=C1CCCc2ccncc21,-8.968586273
CCCNc1ncccn1,-6.807090428
Cc1cc(NC(C)C)no1,-9.065065936
Cc1ccccc1,-2.942268888
c1ccc(C2=NCCO2)cc1,-6.421498083
O=C(O)C#Cc1ccccc1,-8.926197973
N#Cc1cccc(O)c1,-10.18144388
Cc1ccccc1F,-3.288033173
Cc1cc(=O)cc(C)o1,-9.806268198
Oc1csc(O)n1,-8.391892033
Cc1n[nH]c(O)c1C,-10.33495165
C1=C(c2ccccn2)CNC1,-7.600306993
Fc1cccc(F)n1,-5.230835509
OCc1cc[nH]n1,-11.53904294
COc1cc(O)ccc1O,-12.21762598
Nc1ccc(F)cc1Cl,-6.620983512
Cc1[nH]c(=N)sc1C,-9.330860347
O=C1CC(=O)c2ccccc21,-9.1114201
NCC#Cc1c[nH]cn1,-15.45114108
CNc1[nH]ncc1[N+](=O)[O-],-14.24785928
Cc1cc(O)cc(=O)n1C,-12.61631445
Cn1ccc(=O)c(O)c1F,-16.86654009
Nc1ccccc1S,-6.614024426
O=C(O)c1cccnn1,-13.69567558
C#Cc1ccc(C#C)cc1,-5.831789285
Cc1cc(C#N)ccc1CO,-11.03914337
CCCCCc1cn[nH]c1,-8.238020306
Cc1cc(O)cc(C)c1C#N,-10.62840042
NCc1ccc[n+]([O-])c1,-13.14964775
C=CC(=O)Nc1ccccn1,-8.929097069
O=c1[nH]cc(F)c(=O)o1,-14.56457613
N/C(=N\O)c1ccccc1,-10.03997802
Cc1cc(O)c(O)c(O)c1,-12.8276912
CCCCCn1ccnc1,-8.941195462
Cn1nccc1C(=O)O,-8.655935691
Nc1ccc(C=O)cc1,-10.71898149
O=C(O)c1nsnc1O,-12.23444952
Cc1nccnc1C(C)C,-5.341051365
Cc1ccncc1C(N)=O,-13.04738872
Cc1ncsc1CCO,-8.262926178
NCCc1cc[nH]n1,-11.16045988
Nc1cc(=O)nc(N)[nH]1,-28.59144521
CCc1ccco1,-3.388114743
N[C@H](CO)Cc1c[nH]cn1,-15.70205095
C=CC(=O)c1ccc(O)cc1,-10.67066322
S=C=Nc1ccccn1,-5.248857596
NCc1ccc(O)cc1,-9.697959972
C#CCNc1ncccn1,-7.732962608
Cc1ccnc2c1CCN2,-7.517626276
COc1ccccn1,-4.597979123
CCn1cnc(CCN)c1,-11.88369025
Cc1ccc(N)c(C)c1,-7.146824342
Cc1nnc(O)o1,-12.75434783
CC(=O)n1oc(C)cc1=O,-13.83314419
N[C@H](C=O)Cc1c[nH]cn1,-15.4229094
O=C1CCCc2ccccc21,-6.825325868
O=c1[nH]cc(F)c(=O)[nH]1,-15.02515592
NCc1cc(=O)c(O)c[nH]1,-21.73651969
Nc1cc(O)nc(F)c1,-14.84878796
CCc1nnc(CC)n1N,-15.5697844
Cc1cccnc1,-5.084092295
Nc1ccc(C(=O)O)cc1,-11.88111746
Cn1ccc(=N)s1,-9.59963543
N#CCn1ccc(=N)cc1,-16.98124264
C#CCCCc1ccccc1,-5.842005148
O=C(NO)c1cc(O)no1,-13.12431517
CSc1nnc(N)s1,-11.14873799
N[C@@H](CO)Cc1c[nH]cn1,-17.27015452
CC(=O)c1c(C)c[nH]c1C,-9.625545318
NCCc1c[nH]cn1,-11.99093171
O=Cc1ccccc1F,-7.277917456
O=[N+]([O-])c1ccccc1,-6.381211941
COc1ccccc1OC,-6.795205388
COc1cccc(S)c1,-6.005107547
CC(CN)c1ccccc1,-6.576235774
c1ccc(C2=NCCN2)nc1,-12.62039327
Cc1cn(C)c(O)n1,-8.955402288
c1ccc(C2CCNC2)cc1,-6.327930067
O=c1cc[nH]cc1O,-14.05899132
NCCc1nonc1O,-14.86947696
Cn1cc(CCCO)cn1,-10.5832699
Cc1n[nH]c(=O)n1C1CC1,-12.02163578
O=C(O)Cn1cnnn1,-16.95289801
Cc1ccc(O)cc1O,-9.638264945
CCc1ccccc1CO,-7.110824093
NCCc1nsnc1O,-9.84344189
NC(=O)c1ccccc1N,-11.56228591
CC(=O)Cc1ccccc1,-7.284958118
O=C1OCc2ccccc21,-8.972407809
NCCCn1ccnc1,-12.68481972
CCC(N)Cc1ccccc1,-6.644759866
NCc1ccc(Cl)cn1,-6.953890117
c1ccc(N2CCCC2)nc1,-5.639206466
NC(=O)c1cc(N)cs1,-13.77304756
NC1CCn2ccnc21,-10.84673625
Cc1nc(C(N)=O)c[nH]1,-15.32856955
NCC(=O)c1ccccc1,-9.059343045
Cn1cncc1CCO,-12.1488948
CC1=Nc2ccccc2CN1,-9.583044065
NCCc1ccncc1,-9.188748157
O[C@@H]1CCCc2ccccc21,-7.357711627
OCCCc1cccnc1,-9.851561869
O=C(O)Cn1ccnc1,-14.34325962
CNc1cc(F)nc(F)n1,-9.422596034
Cc1ccc(N=C=S)cc1,-3.953564004
CCCc1ccccn1,-4.921466804
COc1cnc(C#N)cn1,-8.671290861
NCCc1ccnc(N)c1,-10.94416973
Cc1ccccc1N,-6.891283444
CCOc1nn(C)cc1N,-8.829247678
C[C@H]1NC[C@@H]1c1c[nH]cn1,-12.8454058
NCCc1ccc(N)cc1,-10.52816198
N[C@H]1CCCc2ccccc21,-6.199723499
CCc1ccc(CCN)cc1,-7.233106967
N#CCC(=O)c1ccccc1,-12.70525145
Cc1ccnc(N)c1N,-10.24032941
c1cc(C2N=NN=N2)ccn1,-9.490034533
Oc1ccccc1,-6.484129856
C[C@@H](CN)c1ccccc1,-6.61272548
Cc1nnsc1CO,-10.4103909
COc1cc(O)cc(O)c1,-11.7218366
Cc1[nH]nc(C(=O)O)c1F,-14.5502187
CNCc1nc(C)cs1,-7.540109959
OCCn1cccn1,-8.03652057
CCOc1ccc(N)cc1,-8.214218852
CNCc1ncnn1C,-10.05768008
O=C1CCNc2ncccc21,-9.587511937
NCC=C=Cc1ccccc1,-7.326380053
Cc1ccccc1C#CC#N,-6.114871597
CC(C)(O)c1nnc(N)o1,-17.90117857
Cc1cc(CO)on1,-10.33636355
Sc1ccccn1,-5.233835006
Cc1ccc(C(N)=O)cn1,-13.29732596
NC1CCc2c[nH]cc2C1,-8.954793604
O/N=C/c1ccc(O)cc1,-10.79955378
C=CCNc1ncccn1,-7.26377338
Cc1cc(C)n(CO)n1,-8.523612657
C/C=C(\C)c1ccccc1,-3.815643581
CC(=O)C#Cc1ccccc1,-7.511784158
CNC(=O)c1cccnc1,-11.68225327
OCCNc1ccncc1,-12.7791784
Nc1ccncn1,-9.852019952
CC(C)(C)c1cc(N)on1,-10.14935929
CCN(O)c1ccccc1,-6.458339195
CN(N=O)c1ccccc1,-7.493260063
Cc1c(O)cccc1O,-9.797639935
Cc1ccc(C(=N)N)cc1C,-10.57885851
c1n[nH]c2c1CNC2,-10.01866778
C/C=C/c1cc(C)cc(N)n1,-8.540643279
CCc1nccc(O)c1O,-9.433113101
Cc1ccc(C(=N)N)cc1,-10.3476399
C#Cc1ccccc1N,-7.296924734
C/C(=N\N)c1ccc(C)cc1,-8.462687711
c1coc([C@@H]2CCCN2)c1,-6.699917995
NN[11C](=O)c1ccncc1,-16.56419949
OCc1ccc(O)c(O)c1,-15.25109717
CSc1cncc(C)n1,-5.715034775
O=Cc1ccc(O)cc1F,-9.488082977
Nc1ncncn1,-8.984594053
Cc1ccc(C)cc1,-2.925344943
NC[C@@H]1C[C@@H]1c1c[nH]cn1,-12.50796858
N#Cc1cnsc1,-7.780069783
COc1cccc(O)c1O,-10.61167728
O=Cc1cccs1,-6.40591701
Cc1ccc(N)nc1,-7.78084162
NC(=O)c1cccc(O)c1,-13.48976445
Nc1cnccn1,-8.607021286
Nc1nc(O)c(N)c(O)n1,-14.21403649
Nc1ccnc(N)n1,-11.92852584
Cc1ncccc1C(N)=O,-12.28340157
CNc1ccc(Cl)nn1,-10.3164401
CCc1cc(C)cc(N)n1,-7.73467571
O=C(O)CCc1ncc[nH]1,-15.00030652
CCCn1ccccc1=O,-9.054831248
O=C(O)C(O)c1ccco1,-11.49357356
NCc1cccc(O)c1,-10.00294866
Cc1cc(O)cc(C)n1,-8.51879338
COc1cc(C)cc(O)c1,-8.164400833
NC(=O)Cc1ccncc1,-13.03522758
NCC1Cc2ccccc21,-5.970004638
Cc1cc(CN)nn1C,-9.222934902
Nc1[nH]ncc1CCCO,-15.71133183
CNC/C=C\c1cccnc1,-8.39322863
Cc1csc(CN)c1,-6.427164498
c1cnc(C2CCCN2)nc1,-8.715599342
Cc1c(N)cccc1Cl,-6.570123827
CCCCCc1cccnc1,-5.744577946
O=C1NCc2ccccc2N1,-11.8523273
N=C(N)Cc1cccnc1,-13.31686034
CNC(C)c1ccccn1,-7.785240466
CC(O)c1ccccc1,-6.362204663
N[C@@H]1CC1c1ccccc1,-7.583916432
Nc1nc(CC(=O)O)n[nH]1,-19.59541165
Oc1ccc(F)cc1F,-5.548995629
Cc1nnn[nH]1,-13.52895872
Cc1cc(C)c(C#N)c(N)n1,-9.737336224
Nc1c[nH]c(=O)nc1N,-20.95788018
Cc1ccc(O)cn1,-8.049328049
Oc1cccc(F)c1O,-9.588748131
O=C1Cc2cccc(O)c2N1,-12.2142186
CCCCCn1cncn1,-9.008753189
Oc1cccc2c1CNCC2,-8.651323493
CN(C)c1ccc(N)nc1,-9.262091526
Cc1cc(C)c(O)cc1O,-9.370845284
Oc1cc(O)cc(F)c1,-10.27042479
N#CC(O)c1ccccc1,-9.89205509
Nc1ccnc(N)c1,-12.05091539
Cc1ccnc(N)c1C,-7.795857935
O=C1C=CC(=O)c2[nH]cnc21,-14.50240244
NCc1ccc(N)nc1,-11.16143252
NCCc1cccs1,-6.466308572
CNCc1nncn1C,-14.01353449
c1cnc2c(c1)C1CCC2N1,-8.331538121
c1ccc2c(c1)CCCC2,-3.137079368
CNc1ncccc1F,-5.783527491
OCCc1ccncc1,-9.133426875
CC(=O)c1ccc[nH]1,-7.921316009
CC(=O)c1csc(C)c1,-7.030440062
c1cc2c(s1)CCNC2,-5.626681367
NCc1nnc(N)o1,-15.87627283
Cc1ccc(N)c(C)n1,-8.772583525
O=CCC(=O)c1ccccc1,-10.59117026
NCc1ccncc1F,-8.639338052
O=CCc1ccccc1,-6.95409092
Cc1ccc(C/C=N/N)cc1,-8.797169367
Cc1ccc(C(C)(C)C)cc1,-3.66528591
Nc1cccc(N)n1,-10.342852
Nc1ncccc1C(=O)O,-10.27403298
CCc1n[nH]c(N)n1,-13.69247528
Cc1cc(N=O)no1,-6.409136136
NNc1ncccn1,-11.615436
Cc1cc(C)n(O)c(=O)c1,-8.358345349
Cc1ccn(O)c(=S)c1,-9.15283576
NC1CCCc2occc21,-6.721799269
Cc1ccccc1C#N,-6.735535462
c1cnsc1,-4.51022185
O/N=C/c1cccs1,-9.765561624
Cc1ccc(O)c(CO)n1,-11.43626307
Cc1c(/C=N/O)no[n+]1[O-],-11.97030546
N[C@@H]1[C@@H]2Cc3ccccc3[C@H]12,-6.51322122
C[C@H](N)[C@H](C)c1c[nH]cn1,-12.38125548
CC(C)Cc1ccccc1,-3.387135827
CNCc1ccccc1,-5.18351498
CN1CCCc2ccccc21,-4.545406336
Nc1c(F)cnc(F)c1F,-7.774999502
CC(C)c1ccccc1O,-6.255766417
c1ccc(C2CO2)cc1,-5.404172596
O=C(O)c1ccc(=O)[nH]n1,-14.86491496
Cn1cnc([N+](=O)[O-])c1,-14.02798605
Cc1ncc(O)c(N)n1,-11.74506702
Cc1occc1CN,-6.757247308
c1nnc2n1CCCC2,-13.43641355
NCC(O)c1ccccc1,-10.94802892
OC1(c2nnn[nH]2)CNC1,-15.08012579
CCc1n[nH]c(CCN)n1,-11.3705314
O=Cc1cccc(F)c1O,-9.582862087
NC(=O)c1ccccc1O,-12.03606223
O=Cc1cc(O)ccc1O,-13.19875041
O=C(O)c1cncc(F)c1,-8.746466559
Cc1ncc(C(N)=S)[nH]1,-18.93543428
NC(=O)CCc1cc[nH]c1,-15.8209641
O=Cc1cc(C(=O)O)[nH]n1,-12.46076727
COc1ccccc1C=O,-7.381494257
O=C(O)c1cc(CO)on1,-14.87479824
N/C(=N\O)c1ccccn1,-9.30003078
COc1cccc(OC)c1,-6.16433821
N#Cc1ccc(C=O)cc1,-9.588151997
CC(=O)c1ccccc1O,-9.753889938
O=C(O)c1cc(O)cs1,-11.36865515
NC(=O)c1nnc(N)o1,-16.56595652
N#CCc1ccccn1,-8.548857385
N#CCCOc1ccccc1,-9.705232813
Cc1no[n+]([O-])c1/C=N/O,-12.3085459
C=CCNc1ccccc1,-6.439946877
CCn1ccnc1C(C)=O,-7.905760036
CCCc1nc(C)n[nH]1,-10.00570343
CNc1ncccc1OC,-7.210215402
OCCc1ccccc1,-7.784405877
CC(C)n1ccc(N)n1,-9.156538069
Sc1ccccc1Cl,-3.728582844
CC(N)C(=O)c1ccccc1,-9.292569686
Cn1cc(N)nn1,-12.28640735
NCCCCc1c[nH]cn1,-12.87661188
CCn1ccc(N)n1,-9.220518988
CN(C)c1ncccn1,-5.401028771
[N-]=[N+]=Nc1ccc(O)cc1,-7.883859937
Cc1cc(N)c(C)cc1N,-9.679962985
Nc1ccn(CCO)n1,-11.15182534
CNc1ncccc1N,-9.141151523
COc1cccnc1Cl,-7.312581108
NCCCc1cccs1,-6.828130838
C/C=C/c1ccc(OC)cc1,-5.108784814
ClCc1cc[nH]n1,-8.906312181
NCc1cc(C(N)=O)co1,-15.61099298
C=Cc1ccc(OC)nc1,-5.403626662
CNCc1nnc(C)o1,-10.99228092
Cc1cc(CN)c(C)s1,-6.444251596
C[C@@H](N)c1ccc(F)cn1,-8.982429144
CNCc1cnc(C)s1,-7.729078321
CC(C)c1cc(CN)on1,-9.560315653
CC(=O)c1ccnc(C)n1,-7.121359986
Cn1nccc1C(N)=O,-11.44375554
CC(N)Cn1cccn1,-10.61938938
CSc1ccncc1N,-8.351097608
N#Cc1cccc(CN)c1,-9.723028996
CC(=O)c1cnnn1C,-12.18516488
NCc1cccc(=O)[nH]1,-13.04004058
O=c1ccccn1CCO,-13.06753179
COc1c(N)c(C)nn1C,-10.38581133
COc1ccnc(N)c1,-9.694521217
CN1C(=O)Cc2ccccc21,-8.218040388
CSc1nnc(C)s1,-7.481946057
CC1(N)Cc2ccccc21,-6.282190863
COc1ccc(CC#N)cc1,-10.07875186
Cc1cc(C)[nH]n1,-7.706989969
C#CC(O)c1ccccc1,-7.934311741
Cn1cc(C(=O)O)cn1,-11.06953368
CCCc1cc(N)[nH]n1,-12.0122796
c1cc2n(n1)CCN2,-9.536639701
OCCCc1ccccn1,-8.825413592
CCOC(=O)c1ccc[nH]1,-8.062988942
O=[N+]([O-])c1ccc(O)cc1,-10.42754702
Cc1cc(=S)ss1,-7.209029408
Cn1cc(C(N)CN)cn1,-12.92046228
Cc1cc(CO)c(C)o1,-7.847784387
Cc1cc(=O)[nH]c(N)n1,-16.40423464
CNc1ccnc(C)c1,-8.687411593
Cc1cn[nH]c1,-7.514884057
Nc1nc[nH]c(=O)c1N,-15.24179119
O=C1Cc2ccccc2N1O,-9.940731041
O=c1cc(F)[nH]c(=O)[nH]1,-13.07024891
CCC(C)c1ccccc1,-3.403827593
Nc1ccccc1,-6.955804023
Cc1cc(C(=O)O)c(C)[nH]1,-11.10318704
C=C(C#N)C(O)c1ccco1,-11.40255324
CC(=O)c1ccncn1,-7.177616257
Cc1ccccc1C,-3.1799132
Cn1ncc(C#N)c1Cl,-8.583477111
CC1N=Nc2ncccc2N1,-12.86133201
Cc1cc(N)ccc1O,-10.06842933
CSCCc1nn[nH]n1,-12.01714281
NC(=O)c1[nH]cnc1O,-17.22980562
N#C/C=C(\N)c1ccccc1,-11.69762099
C#Cc1ccccc1C=O,-6.734261617
OCC1Cc2ccccc2N1,-9.600884175
CC(C)Cc1cnccn1,-5.715034775
O=[N+]([O-])c1ccccn1,-9.102415331
COc1cccnc1O,-9.555113595
CCc1nnc(N)s1,-11.65385217
COc1c[nH]ccc1=O,-17.70166177
CC(C(N)=O)n1cccn1,-11.43392874
N#Cc1ncco1,-6.664833911
Oc1cccc2c1C=CCC2,-6.803821101
ClCc1cn[nH]c1,-9.646479051
O=NN(O)c1ccccc1,-10.29017881
CCc1n[nH]c(CC)n1,-9.958784503
N#Cc1ncc[nH]1,-11.79028539
CSc1ccc(F)cc1,-4.78290632
COc1nc(N)cc(=O)[nH]1,-15.00415316
Nc1nc(N)c(N)c(=O)[nH]1,-19.4622854
CC(N)/C=C/c1ccccc1,-7.44790364
Nc1ccc(O)cc1O,-11.04105728
O=Cc1ccc(F)cc1F,-7.386621013
O=C(O)c1cc[nH]c1,-11.83009462
c1c[nH]c(C2CCNC2)n1,-10.82749052
OCc1conc1C(F)F,-10.74236252
CCC(=O)c1cc(N)on1,-11.16407434
Oc1ccc(Cl)cn1,-5.933973014
COC(=O)c1cc(F)c[nH]1,-8.112160625
O=C1CNc2ccncc2N1,-14.14265723
CC1CCCc2nccn21,-8.610761246
N#CC[C@@H](N)c1ccccc1,-13.41140727
COc1ccccc1CC#N,-9.763359064
CC(=O)c1cnccn1,-7.217431767
C=C1OC(=O)c2ccccc21,-7.776712605
CCOC(=O)c1ncc[nH]1,-11.04781556
O=C(O)c1cnccc1O,-10.6584456
O=c1ccc(CO)n[nH]1,-12.9378694
Cn1nc(CO)ccc1=O,-11.8787894
N#Cc1cccc(C#N)n1,-11.78544101
Nc1c[nH]nc1O,-11.7609744
Cn1ncccc1=O,-8.381751472
Cc1nnc(/C=N/O)s1,-10.33042103
N/C(=N\O)c1cccnc1,-11.85730346
NOc1ccccc1,-8.126913385
CCCC(N)c1ccccc1,-6.223424552
O=C(O)c1ccccc1O,-11.85516992
Cc1cnn(C(=N)N)c1,-11.74125176
O=[N+]([O-])c1cccc(O)c1,-9.561206717
CCC(O)c1ccccc1,-6.705427533
Oc1ccccc1Cl,-4.758169876
NC(=O)CCc1ccccc1,-11.34249425
COC(=O)Cc1ccoc1,-7.616804231
C[C@@]1(N)C[C@H]1c1ccccc1,-7.197338897
NNc1cccc(F)n1,-8.714156069
Nc1cc(CO)ccc1O,-12.28357728
N[C@@H]1C[C@@H]1Oc1ccccc1,-8.166000983
Cc1ccc(=S)n(O)c1,-9.152547105
O=Cc1cccc(O)c1F,-8.840957015
O=C(O)c1cc(Cl)c[nH]1,-9.689708215
Oc1ncc(F)cn1,-8.066113942
NC1CCc2ccccc21,-6.52200636
c1ccc(N2CCCC2)cc1,-4.666616167
O=C1Cc2ccccc2CO1,-9.978438116
Clc1ccccn1,-5.110943448
c1c[nH]nn1,-10.80240267
CC(=O)c1cccc(O)c1,-9.566753906
CC(=O)c1cc(C)oc1C,-7.260868009
[N-]=[N+]=NCCc1ccccc1,-5.981506896
C1=C(c2c[nH]nn2)CCCC1,-10.89413208
Cc1cc(O)[nH]c(=O)c1,-14.85124779
NCc1c[nH]cn1,-13.98269238
COc1cncc(C)n1,-6.517300035
O=C(O)Cc1ncc[nH]1,-11.62408937
c1ccc(C2CCCC2)cc1,-4.272326534
Cc1cc(C)c(C)cc1C,-3.337298983
C[C@H](CN)c1ccccc1,-6.51135124
C/N=N/Nc1ccccc1,-6.277177058
Cc1occc(=S)c1O,-8.102133016
Oc1coccc1=S,-13.83222176
OCCc1nccs1,-8.344552679
Cc1ccc(C)c(S)c1,-4.37341212
N[C@H](C(=O)O)c1ccco1,-11.34066192
Cc1cc(CC(=O)O)on1,-12.20727206
Nc1cccc2c1CCNC2,-9.036897012
Cc1cccc(O)c1Cl,-4.79011641
NCC(=O)c1ccncc1,-10.55240269
NCc1ccnc(N)c1,-11.24677388
Oc1ncccc1F,-6.646372567
CC(=N)NCc1ccccc1,-11.14113885
NCc1ccnnc1,-11.96188427
Cn1cccc1C=O,-8.973512227
NC[C@H]1C[C@@H]1c1ccccc1,-7.57466066
COc1ccc(CN)cn1,-7.802195786
CCCC(=O)c1ccncc1,-8.140028345
CC(C)CNc1ccon1,-8.731048638
Cc1ccc(CN)n1C,-8.670456272
c1cn(CC2CC2)cn1,-9.407058886
NC(=O)c1cncnc1N,-13.43200843
[C-]#[N+]c1ccc(C(C)=O)cc1,-8.612097842
C#Cc1ncccn1,-7.9740896
Cc1noc(N)c1Cl,-8.977540841
COc1cccc(CO)c1,-8.257510767
Clc1cccc(Cl)c1,-3.071115516
c1cn2c(n1)CCC2,-8.418780837
Nc1conc1O,-11.64359865
CCc1ccccc1CN,-6.398418265
Cc1ncccc1C(C)O,-8.863114393
Cc1ccc(N)cc1Cl,-6.822702877
CCOc1cccc(O)c1,-8.158621466
Cc1ccc2c(c1)C(O)CC2,-6.410943365
Nc1nnc2n1CCCC2,-16.73089125
CCc1nc(C(C)N)n[nH]1,-12.4543353
OCc1ccccn1,-7.599911662
Oc1cccnc1O,-7.780678468
Cc1cc(=O)[nH]c(CN)n1,-14.27324833
CCc1nc(C)cc(N)n1,-9.817776731
C=C(C)c1ccc(O)cc1,-7.374604197
O=Cc1ccccc1Cl,-5.364325711
CCC(=O)c1ccc(N)cc1,-10.68566699
Nc1cc[nH]n1,-10.56145766
Cc1cc(CN)on1,-10.26307665
N#CCc1ccc(CO)cc1,-11.60511974
NCc1ccc(CO)cc1,-10.19241275
C#CCNCc1ccccc1,-7.800363457
C[C@H](N)c1ccco1,-6.979693328
Cc1cncc(CCN)n1,-9.163672857
Cn1ccc(=O)c(O)n1,-15.201367
Cc1ccc(O)c(CN)c1,-9.709412029
Nc1ccc(F)c(N)c1,-9.983640174
Cc1cnc(C)cn1,-5.560265708
Cc1cc(CC#N)nn1C,-10.81094936
NC(=O)c1nonc1N,-11.71690437
NNc1ncc(F)cn1,-11.22771012
C#CCn1ccnc1,-10.28802017
Cc1cc(C(=O)NN)[nH]n1,-19.10880274
CC(=O)N(C)c1ccccc1,-8.457291125
Nc1cc2c(cn1)CCCC2,-8.087474382
c1ccc(C2COC2)cc1,-5.692017708
Nc1cccnc1Cl,-8.060466352
CNCC(C)c1ccccc1,-6.025181592
O=NN1CCc2ccccc21,-7.603362967
NCc1ccco1,-7.322897373
Cn1cc(C(O)CN)cn1,-13.24074338
Cc1cnc(C(=O)O)s1,-9.901894447
Cc1nc(CCN)c(C)o1,-9.107592289
c1c[nH]cn1,-9.562141707
N#CC(C#N)=Cc1cc[nH]n1,-13.60603578
NC1CC1c1cccnc1,-8.097458066
NCCc1ccccc1,-7.205314549
CC(N)Cc1cnc[nH]1,-13.5619783
Cc1cc(=O)c(O)c[nH]1,-14.29423227
CCc1cccc(N=O)n1,-7.330320816
CC(=O)c1nccs1,-6.514758619
N[C@@H]1CCCc2ccccc21,-6.010309605
NC(=O)c1ccc(O)cc1,-14.59543079
Cc1cccc(N)c1N,-8.744458527
OCC=Cc1ccccc1,-7.729580329
Cn1cc(O)c(=O)cn1,-17.47508046
Nc1ccncc1C(=O)O,-11.22877689
COc1cc(N)ccc1O,-10.34048001
O=C(O)/C=C\c1ccc[nH]1,-11.56437551
NNc1ccccc1,-7.762882284
NCCc1nc[nH]c1Cl,-12.24961016
OCc1cncc(F)c1,-8.446698757
CNCc1c[nH]nc1C,-9.595104808
CNc1cccnc1CN,-9.435541565
N#Cc1cccc(N)c1,-10.44878824
O=C1Cc2ccccc2CN1,-10.85058289
COc1ncc(C)cc1N,-7.625470144
C[C@H](N)c1cccs1,-6.269421035
NCC1CCc2ccccc21,-5.634920573
Nc1cnccc1CO,-11.42386348
Cc1ccn(C(=N)N)n1,-10.56214164
c1ccc(C2CCCN2)nc1,-6.774346956
CCc1cc(CN)[nH]n1,-11.14338533
Cc1ccc(N)nn1,-11.43572341
c1cnon1,-5.871962476
Nc1cccc(CO)c1,-9.807052585
Cc1cc(O)c(C)cc1O,-9.384995634
CCC(=O)c1nccn1C,-7.922790658
Nc1cc(CO)ccn1,-11.31940816
N#Cc1cccnc1O,-10.34045491
CC(C)C(N)c1nnc[nH]1,-16.32711366
Nc1ncc2n1CCC2,-11.62995658
NCc1cn(O)nc1N,-14.5348447
OC1CCc2ccccc21,-7.27159843
Cc1cn(C)c(=O)[nH]c1=O,-12.50372033
Cc1cc(C2CC2)nc(N)n1,-9.118090531
OCc1ccc(CO)o1,-10.47504326
C#Cc1ccn[nH]1,-7.798763306
C#Cc1ncco1,-6.204530225
C=Cc1nccs1,-4.988779801
Cc1ncsc1CCN,-8.674246433
Cc1cc(CN)n(C)n1,-8.663628964
Cn1nc(O)c(CCN)n1,-11.41935795
NC(CF)c1ccccc1,-8.32955519
c1cnc2c(c1)NCCCN2,-8.908339038
Cc1ccc(O)[nH]c1=O,-12.94386212
NCc1cccnn1,-10.33711656
CC(CN)Cn1cccn1,-8.840825237
O=C1Nc2ccccc2C1O,-12.96968416
Cc1cncc(CN)c1,-8.679950499
NNc1cc(=O)[nH]c(=O)[nH]1,-21.26156365
[O-][n+]1ccccc1,-9.816653488
Cn1ccnc(Cl)c1=O,-10.46776414
O=C1NCCc2ccccc21,-9.94007843
Cc1cc(CN)sc1C,-6.846002323
N#Cc1ccc(C=O)s1,-8.804002951
CCNC(=O)c1ccccc1,-9.585133674
O=C1COc2ccccc21,-7.169031921
NCCC#Cc1cccnc1,-9.314168581
Cc1cncn1CCCN,-12.78134958
Cc1cncc(C#N)c1,-8.35652557
N#CCc1ccc(CN)cc1,-10.2002378
CN(C)c1ccc(C=O)cc1,-8.886087534
CCc1cncc(C)n1,-5.560548088
Cc1cnc(CCN)nc1,-8.880690948
c1cn(C2CNC2)nn1,-11.04528042
Nc1nc(=O)nc[nH]1,-27.98340684
Cc1ccc2c(c1)C(N)CO2,-7.909255267
Nc1nnn[nH]1,-17.47687514
NCCc1ccoc1,-6.512192103
COc1ccc(CN)cc1,-8.138007762
Cc1cccc(N)n1,-7.540586867
N#Cc1nc(C#N)c(N)[nH]1,-20.68934356
Cc1ccc(C#N)cc1,-7.123399393
Cc1cnc(N)cc1C,-8.128670413
NCCc1nnc(N)s1,-15.53653264
O=C(O)CCn1cncn1,-14.36959622
CSc1cnccn1,-5.433866369
Cc1c[nH]cc1C(=O)O,-11.20716545
Cc1cc(O)[nH]c(=O)c1C,-14.40591022
O=C1C=CC(=O)c2[nH]ccc21,-10.63839666
c1cnc(NC2CCC2)nc1,-6.861257091
CC(O)c1ccc(O)cc1,-10.1419986
c1nnn[nH]1,-13.23639474
Brc1c[nH]cn1,-10.13012611
N#CNC(=O)c1ccccc1,-14.21814668
NC(=O)c1cccc(F)c1,-10.99335397
C=Cc1ccc(CCN)cc1,-8.076712586
O=C(O)/C=C/c1cccnc1,-11.24401283
Cc1cccc(CO)c1O,-9.262555883
CCCCc1cnccn1,-5.775583215
NCCc1cscn1,-7.615467635
O=Cc1cncnc1,-8.220575528
Nc1ncc(O)c(N)n1,-13.72358095
Cc1ncc[nH]1,-9.511388698
CCc1ccccc1,-3.157473443
Cn1cncc1CN,-12.90774265
Cc1nc(=N)cc[nH]1,-15.13847795
N=C(N)Nc1ccncn1,-14.63763712
c1ccc2c(c1)C1CC[C@H]2N1,-6.57439717
c1cnc2c(c1)OCCN2,-7.803024099
O=C1CCNc2ccccc21,-9.484273991
O=C(O)c1csnn1,-11.57659313
N#Cc1ccncn1,-8.284274068
Cc1ncc(C)c(N)n1,-9.707542049
Nc1cc[nH]c(=O)n1,-19.04672318
Cc1nnc(CN)s1,-10.89137104
Cc1ccc(CS)cc1,-5.328865121
CC(N)c1nncn1C,-14.44649129
Cc1ccc(N(C)C)cc1,-4.584952016
NC1CCn2ccnc2C1,-12.20894751
C=C(c1ccccc1)C(C)N,-7.140147635
c1n[nH]c2c1CNCC2,-10.22611004
c1ccc([C@H]2CCO2)cc1,-5.545469023
COCc1cc(O)ncn1,-13.85527647
CC(C)Cc1nccs1,-5.169032049
CC(=O)NCc1ccccc1,-10.92403294
Cc1nnc(N)o1,-12.47476702
C/N=C(/N)Cc1cccnc1,-11.07359367
COc1ccc(N)cc1O,-9.854655494
Brc1cn[nH]c1,-7.639256539
C=Cc1ccncc1,-5.73920646
C=Cc1cnccn1,-5.50449262
NCc1ccnc(F)c1,-8.520813963
O=C1C=Cc2cscc21,-6.699346961
CC(C)C(=O)c1ccncc1,-7.916245728
Cc1c[nH]cn1,-9.156029785
Brc1ncc[nH]1,-8.605471337
CC(C)n1cncn1,-8.591339812
N#Cc1ccc(CCO)cc1,-11.55634966
Cc1ccc(CCN)cc1,-7.377133062
COCCc1ccccn1,-7.073255069
ClCCCc1cn[nH]c1,-10.34638488
O=C(NO)c1cccs1,-10.47927895
Cc1cc(O)nc(C)n1,-7.441484212
Cc1ccc(C#N)c(=O)[nH]1,-16.8599324
Nc1cncc(Cl)n1,-8.738942714
CNCc1occc1C,-6.369596731
O=Cc1ccccn1,-6.577748073
NCCCc1c[nH]cn1,-12.85960008
CNc1ccc(CN)cc1,-9.012781803
Nc1ncccn1,-7.832623746
O/N=C/c1ccccn1,-9.594684376
Cc1cc(N)ccc1C=O,-10.9111125
C=C(C)n1ccnc1,-8.025049687
C=Cc1ccccc1,-3.72018676
Nc1ncnc2c1N=CC2,-11.254555
N[C@H]1C[C@H]1c1c[nH]cn1,-13.46939547
O=C1CCCc2ncccc21,-7.878645329
S=C=Nc1ccccc1,-4.615856883
Sc1ccnc(S)n1,-6.541565846
CN(C)Cc1ccncc1,-6.209412253
Fc1ccc(F)cc1,-3.683050718
Cc1nsc(N)n1,-10.13375312
O=CN/C=C/c1ccco1,-10.74729474
N#Cc1ccc(F)cc1,-7.179084631
NC1CC(=O)c2ccccc21,-10.40314943
O=C(O)/C=C/c1ncc[nH]1,-14.87945437
COCC(N)c1ccco1,-9.46254332
CCSc1cnccn1,-5.53431817
Cn1cnnc1C(N)CO,-17.51064772
C=CC(=O)c1cccs1,-6.684468699
N#Cc1ncccn1,-9.073361618
Cc1cccc(C)c1S,-4.384349619
Cn1ccnc1[N+](=O)[O-],-10.88307536
c1cc(N2CCCC2)ccn1,-7.72055046
CSc1ccccc1,-4.917858621
CCCCc1ccc(N)cc1,-6.883671748
Cc1ccc(CN)cc1F,-6.496887134
NC(=O)c1cccc(C=O)c1,-14.40978823
NNC(=O)c1ccsc1,-15.29407533
C#CCN(N)c1ccccc1,-8.911752693
CCOc1ccc(O)cc1,-8.182736675
C=C(CN)c1ccccc1,-6.244998345
NCc1ccc2c(c1)CCC2,-6.203413258
Cc1cnc(N)s1,-8.405621952
CCn1cc[n+](C)c1.[Cl-],-9.195311912
CCC(=O)c1cccs1,-6.371654964
c1ccc(CNC2CC2)cc1,-5.278764722
Cc1nc(N)sc1C#N,-12.42067566
CNCc1noc(C)n1,-8.995550378
Oc1cccnc1Cl,-6.205559342
CCOC(=O)c1ccco1,-7.38295008
Nc1ccnc(C(=O)O)c1,-15.93078462
Nc1ccc(O)c(O)c1,-11.54276407
Oc1ccccc1S,-5.649685883
Cn1ncc(C#N)c1N,-13.94878174
CC(C)c1ccn(C)n1,-6.043097003
Cc1nocc1CN,-9.252948705
Cc1csc(CCN)n1,-7.346755303
CN(C)CCn1cccc1,-6.993523649
CCc1c[nH]ccc1=N,-12.08190184
CC(C)(O)c1ccccc1,-6.333922787
Nc1ccc(CO)cc1,-9.956136411
Cc1cc(CN)c(C)n1C,-8.177967599
CNCc1ncno1,-8.323706797
O=C(O)/C=C/c1ccc[nH]1,-12.40149896
Cn1cc[nH]c1=S,-13.21709253
N=C(N)Nc1ccccc1,-13.42554507
N[C@@H]1CCc2ccccc2C1,-6.677453137
NCc1cc(Cl)ccn1,-8.726028558
CCn1cc(N)ccc1=O,-13.00109731
c1ccc2c(c1)CCNC2,-5.645456466
c1cc2c(cn1)C1CCC2N1,-7.745732436
COc1ccc(CN)nc1,-8.924773525
NCc1cccc(F)n1,-9.680634421
O=[N+]([O-])c1ccncc1,-7.209029408
CN1Cc2ccccc2C1=O,-9.424509939
N#Cc1cccnc1N,-9.513773237
CC=Cc1cccnc1,-5.565455216
Cc1cc(C(=O)O)c[nH]1,-11.78497038
Cc1c(N)cccc1N,-9.843266187
Cc1cc(O)c(C)c(O)c1,-9.134481092
Cc1ncc(CO)c(N)n1,-11.40220811
CCc1ccc(C(C)=O)o1,-8.40677657
O=C1CNc2ccccc2N1,-11.6119094
CC(C)(N)c1nnc[nH]1,-14.84384945
CN[C@@H]1CCc2ccccc21,-5.156381447
Cc1cccc(CCN)c1,-7.223192309
Cl.OCc1c[nH]cn1,-10.19881963
NCCc1ccc(F)cn1,-8.568498448
C=Cc1ccccc1C,-3.721341378
Oc1ccc(F)c(O)c1,-10.93501436
Cn1cncc1C(N)CO,-14.77534418
COc1ccc(CO)cn1,-8.871585778
OC1CCc2[nH]ncc2C1,-11.7733489
NCCCn1ccnn1,-11.6735246
N#CC(C#N)c1ccccn1,-11.10883463
NCCc1ccco1,-6.808527426
CC(=O)c1cnccc1C,-9.191634703
c1cn(C2CCNC2)nn1,-12.22611619
Nc1ncc(Cl)s1,-7.753752014
NCc1ccsc1,-7.517494499
Nn1cnnc1,-15.44099424
c1ccc2c(c1)CNCCO2,-6.548901438
[N-]=[N+]=Nc1ccccc1,-4.186257262
Oc1c(F)cccc1F,-5.898449673
NC(=O)Nc1ccncc1,-16.78489476
Oc1cc(O)ncn1,-15.98152508
OCc1cccc(O)c1,-9.983815877
N#Cc1ccc(F)c(C#N)c1,-10.74278922
Cc1ccc(C#N)cc1C,-7.374585371
Nc1ncccc1CO,-10.92609744
CC(CO)c1ccccc1,-7.303996772
CCn1cc(N)cn1,-9.60687062
CC(C)(N)c1ncc[nH]1,-12.09516112
CC(C)Nc1ncccn1,-6.717852231
Cl.c1cscn1,-7.565279385
FC(F)(F)n1cccn1,-4.980716298
O=c1[nH]cc(CO)c(=O)[nH]1,-16.39724418
Cc1nccn1CC(=O)O,-14.19639091
Cc1cc(C#N)no1,-7.899585338
N#Cc1ccnc(O)c1,-12.24342291
CC(CN)c1nncn1C,-15.44287677
c1cn2c(n1)CCCC2,-8.473524809
NC1=NCNc2ccccc21,-10.94233113
Oc1cccc(O)c1Cl,-8.653777057
CCNc1ncccn1,-6.701913477
C=CC(=O)Nc1cccnc1,-10.33046495
O=Cc1ccc(CO)[nH]1,-10.76303269
CC(O)Nc1ccco1,-8.73651425
NCc1ccnc(O)c1,-12.63995903
CN(O)c1ccccc1,-6.938534947
O=c1cc(CO)[nH]cc1O,-25.22898307
N#CCNc1ccccc1,-10.11010226
CC(O)c1ncc[nH]1,-10.51523527
Cc1nccc(C2(N)CC2)n1,-8.330201525
Cc1cnccc1CCN,-9.589112087
Cc1cc(N)c(N)cc1C,-8.837085278
Cc1c([N+](=O)[O-])no[n+]1[O-],-8.671629716
N#Cc1ccccc1C=O,-8.714501199
CNCc1ccc(C#N)cc1,-9.032742896
O=C1CCCc2cnccc21,-8.206487929
OCCc1ccccc1O,-10.57145389
CNc1cccnc1C#N,-10.05592933
c1ccc([C@@H]2CCO2)cc1,-5.521366363
Cc1ccc(NN)cc1,-7.860660892
c1cc(C2=NCCO2)ccn1,-7.796002262
C#Cc1cccc(C#C)c1,-5.866954946
O=Nc1ccccc1,-4.763353109
O=[N+]([O-])/C=C\c1ccccc1,-8.596297141
CSc1cc[nH]c(=O)n1,-14.16397374
Nc1cc(N)nc(N)n1,-14.89375532
O=c1cc(CO)c(O)co1,-15.29029144
Cc1nc(=N)c(C)c(C)[nH]1,-18.33805731
c1ncncn1,-5.9111693
C=CCOCc1ccccc1,-5.416929874
Cn1ccc(N)n1,-9.307071443
NNCc1ccccc1,-8.416490425
Cc1nn(C)n(C)c1=S,-13.29524262
COCc1ccc(O)cc1,-8.936338535
CNc1cnc(C#N)cn1,-11.54014735
CC(=O)c1cccc(C#N)c1,-10.48817704
CCc1nc(C)cnc1C,-6.444000592
Nc1cccs1,-6.678080647
Cc1ccnc(CN)n1,-8.058426944
O=[N+]([O-])c1cc[n+]([O-])cc1,-11.25725957
Cc1cccc(C)c1CN,-6.428877601
CCc1cccnc1C(C)=O,-6.481362537
CC(N)Cc1cccnc1,-9.062530795
c1cnc2c(c1)CCCN2,-6.646774173
CCNC(=O)c1cn[nH]c1,-15.01514713
CNCc1ccoc1,-5.617086739
NCCC#Cc1ccccc1,-9.069841287
Nc1ccc(C(=O)O)nc1,-15.64600176
CC(C)n1cc(CN)nn1,-11.70726582
CC(N)c1cc[nH]c(=O)c1,-13.79804129
Cn1cc(O)c(=O)c(F)c1,-19.89557478
NCCCc1ccccn1,-8.850727345
Cc1c(CN)cnn1C,-10.23202746
CCCn1cc(C)c(N)n1,-8.993975328
N#Cc1cccs1,-6.554919259
Cc1ccccc1C1(N)CC1,-6.48248578
Nc1ncnc(N)c1N,-14.3888796
c1ccc(C2CC2)cc1,-3.877848647
NCc1cccc(N)n1,-10.34494788
N[C@@H]1CCc2ccccc21,-6.403789751
CC(C)n1cncc1CO,-12.51849192
N[C@H]1C[C@@H]1Oc1ccccc1,-7.475714883
CNCc1ccc(C)cn1,-8.346259506
OCc1ccc(CO)cc1,-9.857134158
c1cc2c(cn1)CCNCC2,-8.202076533
Oc1cc(O)c(Cl)cn1,-14.18304377
Cn1cc(CCN)nn1,-11.8519257
Nc1cc(Cl)nc(N)n1,-12.13706624
Nc1nc(CO)cs1,-12.47470427
Cc1ccnc(NN)n1,-8.777572229
NCCCc1cn[nH]c1,-11.53886096
NNc1ncc(Cl)cn1,-11.01859242
OCCNc1ccccc1,-9.701649731
Cc1cc(F)ccc1O,-6.788603983
CC(=O)c1cc(C)cc(C)c1,-8.152867199
COc1nc(N)n[nH]1,-11.94376179
O=Cc1cncs1,-7.54142773
Oc1cc(F)cc(O)c1F,-11.84026656
Cn1ccc(N)nc1=O,-17.54661032
COC(=O)c1c[nH]cn1,-14.06965271
Oc1ccc2c(c1)COC2,-8.300081045
CC(C)C(N)c1ncon1,-8.631180422
NC(=O)c1c[nH]cn1,-20.99244971
COCCc1ccccc1,-5.405791572
Nc1nonc1C(=O)O,-11.58183912
CCn1ncc(N)c1C,-9.222250916
CNc1ncccc1CN,-9.719439639
Cc1ccc[nH]c1=O,-10.16209147
Cc1sc(N)nc1O,-9.9225207
CNc1nc(=O)[nH]cc1F,-16.52278383
NCc1cccnc1N,-10.55934295
CC(N)Cc1ccco1,-7.856870732
C#Cc1ccncc1,-5.841590992
COCc1nnc(N)s1,-12.82219421
Cc1cccnc1CCO,-7.805358436
Nc1cccnc1C(=O)O,-14.31682263
Cc1ccccc1CN,-6.892412962
O/N=C/c1cccnc1,-8.553086802
CC(O)(CN)c1ccco1,-8.502365169
NCCc1ncccc1F,-8.333075521
Cc1cccc(C=O)c1,-6.077553577
Cc1cc(C(N)=O)n[nH]1,-18.42412031
NCCOc1cccnc1,-9.27713294
Nc1cccc(C(=O)O)n1,-13.8603342
NCCn1ccccc1=O,-12.51046607
Cc1cnccc1CN,-8.848976592
CC(O)Cn1cccn1,-9.993046549
CNC(C)c1cccnc1,-7.267406663
CC(O)c1nnc[nH]1,-15.26681002
CCc1nnc(CN)o1,-11.48054645
Cc1cccc(C(C)(C)N)c1,-6.327214705
N=C(N)Oc1ccccc1,-11.99603337
Cc1cc(O)ccc1N,-10.05390874
C=Cc1ccccn1,-5.047138231
Cc1cccc(O)c1O,-7.787330074
Cc1cc[nH]n1,-7.410748773
COc1cccc(CO)n1,-7.184644369
Nc1ccc(F)c(F)c1N,-8.972985118
N#Cc1cocn1,-8.599258988
O=Cc1c(O)cccc1O,-9.181280788
Cc1n[nH]c(O)c1N,-11.45927386
C[C@@H](N)C(=O)c1ccccc1,-8.888867403
CCn1ccnc1C(C)N,-9.575708474
Cc1ccc([C@@H](C)O)cc1,-5.551135438
CNC(C)c1ccncc1,-7.721108944
COCCn1ccc(N)n1,-10.9595249
Nc1ncncc1C=O,-9.651863087
CC(=O)c1cc[nH]n1,-10.33427394
CC(=O)c1cc[nH]c(=O)c1,-14.3855538
CC1(N)Cc2ccccc2C1,-6.316496835
CN(C)c1ncccc1N,-7.430860468
CC(C)c1cc(N)[nH]n1,-11.60053892
CNC(C)c1ccco1,-6.279291767
CCC(N)c1ncc[nH]1,-11.41032181
CNc1nc(C)nc(C)n1,-8.340586816
Nc1ccc2c(c1)CN=N2,-11.52451608
Nc1cncc(CO)n1,-12.18310665
O=C(Cl)c1ccccc1,-4.776405317
Cc1cc(C(=O)O)n(C)n1,-9.426361093
OCCc1cn[nH]c1,-11.88847815
Cc1cccnc1Cl,-5.224403531
COc1cc(C#N)cnc1C,-9.259895241
CC(C)c1nnc[nH]1,-14.31394863
CCc1nnc(N)o1,-12.40119148
Cc1cnc(N)cn1,-8.57304162
O=C1CCCc2cccnc21,-11.08874804
CNCc1cscn1,-8.251028588
Cc1cc(CO)no1,-9.962813117
NC1CCn2cncc21,-11.33167598
Cc1nnc(CN)o1,-12.06673492
O=Cc1ccc2c(c1)CCO2,-7.983665403
C#Cc1cn[nH]c1,-9.221780283
Cn1cc([C@@H]2C[C@H]2N)cn1,-10.62660575
CNCc1ccc(C)s1,-5.772351538
Cn1cc(C(N)=O)nn1,-13.9214976
C[C@H](N)c1ncccc1F,-7.551800471
c1cc2c(cn1)NCCCN2,-10.10105985
Cc1cccnc1CCN,-8.550495186
Clc1cccnc1Cl,-4.805132725
NCc1cnccn1,-8.435422402
C#Cc1cccc(N)c1,-8.293360413
Cc1cc(CN)[nH]n1,-11.06177766
Cn1cc(C(N)CO)cn1,-12.30196332
CCc1c[nH]c(=O)c[n+]1[O-],-14.35551489
N#Cc1cc(N)ccc1F,-10.96918856
NC(=O)c1n[nH]cc1N,-14.66964013
CNCc1csc(C)n1,-5.982981545
CCn1cnnc1SC,-11.79629066
NCC(O)c1ccncc1,-13.05312416
Cc1[nH]ccc1C(=O)O,-11.15404045
COCc1ccc(C#N)cc1,-8.663541112
CCc1nnc(CN)s1,-11.55719053
N#Cc1cnccn1,-8.183709316
NCc1cccnc1O,-12.38792591
CNCc1ccc(N)nc1,-10.21552394
OCc1cc(C2CC2)n[nH]1,-11.91473945
COc1cccnc1C#N,-10.76093054
CCc1cccc(CN)c1,-6.637781955
Cc1c[nH]c(C)c1,-5.598650495
NC(=O)c1ccncc1,-12.06583758
Cc1cc[nH]c(=O)c1,-11.24391243
N#Cc1cccc(C=O)c1,-9.741791545
OCC(O)c1ccccc1,-9.100758705
C#CCNc1ccccc1,-8.062085327
Cc1cc(O)cc(C)c1O,-9.535202703
N[C@H]1C[C@@H](c2ccccc2)C1,-7.191528154
Cc1cc(=O)c(F)c[nH]1,-16.36342139
C[C@@H]1CNc2ncccc2N1,-9.22376949
